birthday,count
1/1/2000,3064
1/1/1999,2498
1/1/1998,2161
10/10/2000,825
10/10/1998,705
10/10/1999,692
2/2/2000,681
17/10/2000,656
2/1/2000,653
18/11/2000,648
16/10/2000,627
15/10/2000,617
18/10/2000,607
2/9/2000,590
9/9/1999,577
18/10/1999,565
10/2/2000,565
20/11/2000,564
15/8/2000,560
18/11/1999,556
20/10/2000,555
10/1/2000,554
16/9/2000,549
15/9/2000,547
17/10/1999,544
20/10/1999,544
1/2/2000,541
15/9/1999,538
17/11/2000,537
2/2/1999,533
16/11/1999,521
2/2/1998,518
16/10/1999,517
16/10/1998,510
10/8/2000,502
15/10/1999,498
20/10/1998,497
10/9/1998,494
2/1/1998,493
16/11/2000,492
20/11/1999,492
15/10/1998,491
18/9/2000,490
15/5/2000,488
16/8/2000,487
19/12/2000,483
2/1/1999,482
18/10/1998,481
16/9/1999,481
17/9/2000,481
16/3/2000,480
1/1/0,479
18/12/2000,472
17/11/1999,471
2/10/2000,470
10/9/2000,469
2/9/1998,469
10/1/1998,468
16/2/2000,464
3/3/2000,464
19/1/2000,464
15/7/2000,464
12/9/2000,462
2/9/1999,461
18/11/1998,460
11/11/1999,459
9/9/2000,458
20/2/2000,452
15/8/1999,451
17/10/1998,451
19/11/2000,451
20/8/2000,450
16/8/1999,447
14/10/2000,446
17/9/1999,446
10/11/2000,445
10/11/1999,445
15/11/2000,443
16/6/2000,442
3/1/2000,441
19/9/2000,441
12/12/2000,440
1/2/1998,440
10/1/1999,437
18/2/2000,437
18/8/1998,435
18/8/2000,434
14/9/2000,434
16/8/1998,434
17/8/2000,433
5/5/2000,433
6/6/2000,433
10/8/1999,432
10/5/2000,431
16/9/1998,430
15/3/2000,429
1/2/1999,428
3/2/2000,427
19/5/2000,427
17/11/1998,427
10/3/2000,425
14/7/2000,425
24/10/2000,425
8/3/2000,424
19/12/1998,424
11/11/2000,423
19/9/1999,423
10/3/1999,422
12/10/2000,422
18/1/2000,422
4/4/2000,421
15/2/2000,421
9/10/2000,421
18/9/1999,419
15/8/1998,419
1/10/2000,418
14/8/2000,418
10/8/1998,418
10/6/2000,417
14/8/1999,415
13/9/2000,415
19/10/2000,415
8/8/1999,414
17/3/2000,413
1/11/2000,413
10/2/1999,413
15/5/1999,413
18/3/2000,412
20/1/2000,411
2/3/2000,409
14/10/1999,409
30/8/2000,407
19/11/1999,407
19/5/1998,407
12/2/2000,407
12/6/2000,406
16/3/1999,406
4/10/2000,406
6/9/1999,406
4/11/2000,406
8/3/1999,405
19/2/2000,405
20/11/1998,403
14/11/2000,402
19/12/1999,401
12/10/1999,400
10/9/1999,399
15/5/1998,398
16/7/2000,397
6/1/2000,397
8/10/2000,397
16/2/1998,396
15/1/2000,396
20/9/2000,396
15/9/1998,396
14/2/2000,394
13/10/2000,394
5/5/1998,392
24/4/1999,392
16/6/1999,391
19/5/1999,391
18/12/1998,391
4/2/2000,390
25/10/2000,390
1/9/2000,390
16/1/2000,389
6/9/2000,389
19/10/1999,388
19/8/1998,388
15/7/1999,388
25/9/2000,388
20/9/1999,388
13/11/2000,387
7/7/2000,386
6/6/1998,385
8/11/2000,385
19/8/2000,385
10/4/2000,385
20/4/2000,385
18/8/1999,385
9/10/1999,385
14/3/2000,384
17/1/2000,383
5/11/2000,382
2/4/2000,381
22/10/2000,381
12/7/2000,381
14/6/2000,381
5/1/2000,381
17/2/1999,381
14/9/1999,380
6/6/1999,380
15/3/1999,380
21/1/2000,380
12/8/2000,380
16/2/1999,380
10/5/1998,380
3/2/1998,379
4/5/2000,379
10/2/1998,378
3/4/2000,378
15/6/2000,378
1/10/1999,378
17/2/2000,378
16/4/1998,378
12/9/1999,376
19/1/1998,375
20/2/1998,374
16/6/1998,374
12/1/2000,374
10/6/1998,374
10/5/1999,373
28/8/2000,372
29/9/2000,372
3/10/2000,371
8/9/2000,371
14/4/2000,371
18/2/1998,370
3/3/1999,370
27/10/2000,370
17/2/1998,370
12/4/2000,370
17/8/1999,370
20/2/1999,370
13/3/2000,369
9/3/2000,368
3/3/1998,368
1/3/2000,367
5/10/2000,366
16/11/1998,366
6/11/2000,366
2/3/1998,365
20/8/1999,365
10/4/1999,365
5/5/1999,365
15/11/1999,364
28/2/2000,364
15/11/1998,364
12/11/2000,364
2/11/1999,364
20/8/1998,363
2/4/1999,363
1/6/2000,363
17/12/2000,363
8/8/1998,363
12/3/2000,363
12/8/1998,362
17/3/1999,362
28/10/2000,361
2/11/2000,361
18/12/1999,361
12/10/1998,361
10/7/1999,360
20/7/1999,360
25/1/2000,360
8/8/2000,360
26/6/2000,360
1/11/1999,359
4/3/2000,358
25/5/2000,357
12/2/1998,356
13/9/1999,356
24/9/2000,356
27/9/2000,355
27/7/1999,355
5/9/2000,355
25/8/2000,355
1/5/2000,355
13/8/2000,354
6/2/2000,354
17/9/1998,354
12/5/2000,353
16/5/2000,353
26/9/2000,353
30/10/2000,352
12/7/1999,352
1/8/1998,352
7/8/2000,352
15/2/1999,352
15/7/1998,351
1/6/1999,351
11/9/2000,351
10/6/1999,351
15/4/2000,350
4/1/2000,350
11/10/2000,350
2/6/2000,350
20/6/2000,350
6/10/2000,350
15/4/1999,350
20/6/1998,348
4/4/1998,348
20/4/1999,348
30/10/1999,347
20/7/2000,347
18/4/2000,347
13/2/2000,346
20/5/1998,346
10/7/2000,346
16/3/1998,345
17/5/2000,345
8/2/2000,345
3/2/1999,345
12/6/1999,344
1/6/1998,344
16/7/1999,344
6/4/2000,344
12/1/1998,343
3/11/2000,343
20/12/2000,343
21/11/1999,343
26/2/2000,342
6/3/2000,342
8/10/1999,342
2/10/1999,342
18/2/1999,341
5/10/1999,341
26/3/2000,341
10/3/1998,341
5/9/1999,341
4/9/2000,340
5/3/2000,340
13/10/1999,339
12/8/1999,339
28/8/1998,339
23/10/2000,339
14/10/1998,339
14/2/1998,339
17/7/2000,339
2/5/2000,338
24/9/1999,338
13/6/2000,338
17/3/1998,337
4/4/1999,337
20/3/2000,337
6/8/2000,336
22/9/2000,336
26/7/2000,336
20/12/1999,336
6/1/1998,336
18/7/2000,335
2/3/1999,335
18/9/1998,335
11/6/2000,335
1/8/2000,334
9/11/2000,334
22/2/2000,333
11/8/2000,333
4/9/1999,333
15/1/1998,333
1/9/1998,333
26/8/2000,333
1/5/1999,332
6/5/2000,332
16/4/2000,332
15/3/1998,332
2/8/2000,332
7/10/2000,332
13/11/1999,331
25/5/1999,331
5/7/2000,331
26/10/2000,331
8/1/2000,331
1/5/1998,330
14/9/1998,330
16/12/2000,330
10/4/1998,330
6/7/2000,329
7/9/2000,329
3/4/1999,328
8/3/1998,328
19/9/1998,328
14/4/1999,328
3/4/1998,328
13/7/2000,327
26/10/1999,327
5/11/1999,327
7/7/1999,327
8/6/2000,327
20/4/1998,327
16/1/1999,326
3/10/1999,326
12/2/1999,326
7/5/2000,326
22/11/2000,326
27/9/1999,326
23/3/2000,326
7/2/2000,326
20/3/1999,326
4/3/1998,325
26/9/1999,325
4/2/1999,325
27/7/2000,324
5/3/1999,324
7/11/2000,324
11/11/1998,324
26/1/2000,324
23/10/1999,323
22/2/1999,323
16/4/1999,323
3/5/2000,323
12/4/1999,323
9/8/2000,323
9/10/1998,323
12/12/1998,322
19/3/2000,322
12/9/1998,322
14/7/1999,321
20/6/1999,321
12/12/1999,321
1/9/1999,321
23/8/2000,321
19/10/1998,321
28/4/2000,321
28/8/1999,321
12/11/1999,320
2/12/2000,320
10/11/1998,320
24/8/2000,320
14/8/1998,320
26/3/1999,320
29/9/1999,320
18/1/1998,319
25/12/1999,319
17/4/1999,319
7/4/2000,319
4/8/2000,319
17/4/2000,319
9/6/2000,318
8/9/1998,318
20/5/2000,318
30/9/1999,317
11/7/2000,317
14/1/2000,316
14/2/1999,316
9/9/1998,316
24/4/2000,316
11/1/2000,316
10/7/1998,316
17/6/2000,316
21/10/2000,316
22/8/2000,316
17/7/1999,315
10/12/1999,315
13/8/1999,315
28/1/2000,315
21/11/2000,315
5/2/2000,315
10/12/2000,315
1/4/2000,314
5/6/2000,314
6/11/1999,314
1/7/2000,314
3/6/2000,313
18/3/1998,313
4/11/1999,313
9/11/1999,313
27/8/1999,313
8/4/2000,313
19/2/1999,313
9/1/2000,313
19/8/1999,312
1/4/1999,312
28/9/2000,312
17/12/1999,311
24/12/2000,311
8/1/1998,311
2/4/1998,311
17/8/1998,311
2/5/1999,310
27/10/1999,310
4/5/1999,309
28/10/1999,309
9/8/1999,309
30/4/2000,309
5/4/2000,309
20/7/1998,309
16/5/1999,309
15/6/1998,308
16/7/1998,308
7/1/2000,308
14/5/2000,308
17/5/1999,308
4/3/1999,307
12/6/1998,307
18/6/2000,307
15/12/2000,307
13/6/1999,307
21/8/2000,307
19/1/1999,307
6/8/1999,306
11/2/2000,306
12/4/1998,305
6/9/1998,305
8/9/1999,305
19/11/1998,305
28/11/2000,305
18/3/1999,305
13/5/1999,305
26/6/1998,305
20/1/1999,304
11/7/1999,304
19/4/2000,304
14/11/1999,304
11/5/2000,304
11/8/1999,303
5/1/1999,303
21/9/2000,303
4/2/1998,303
5/6/1999,302
25/5/1998,302
11/9/1999,302
1/3/1999,302
29/3/1999,301
14/6/1998,301
25/8/1999,301
4/7/2000,301
7/9/1999,301
24/1/2000,300
21/10/1999,300
3/9/1999,300
28/11/1999,300
23/4/2000,300
1/11/1998,300
14/5/1998,300
19/7/2000,299
6/10/1999,299
22/12/1999,299
29/11/2000,299
3/9/2000,299
20/1/1998,299
21/12/2000,299
2/10/1998,298
27/2/2000,298
25/9/1999,298
6/3/1998,298
25/2/2000,298
13/1/2000,298
4/6/1999,298
1/3/1998,297
24/11/2000,297
24/11/1999,297
13/4/1999,297
25/12/2000,297
27/11/2000,296
20/3/1998,296
15/6/1999,296
1/8/1999,296
25/10/1998,296
20/9/1998,296
22/1/2000,296
24/2/2000,295
7/6/1999,295
9/2/2000,294
18/5/2000,294
18/7/1999,294
6/5/1999,294
22/4/2000,294
27/8/2000,294
17/1/1999,294
26/11/2000,294
25/11/2000,294
13/10/1998,293
11/5/1999,293
4/5/1998,293
5/6/1998,293
16/1/1998,293
16/5/1998,293
17/1/1998,293
1/12/2000,292
28/2/1998,292
1/4/1998,292
2/7/2000,292
7/8/1998,291
29/8/2000,291
25/11/1999,291
5/12/1999,291
6/8/1998,291
28/6/2000,291
22/12/2000,290
15/12/1999,290
1/10/1998,289
17/12/1998,289
13/5/2000,289
4/6/2000,289
7/10/1999,289
4/1/1998,289
21/7/2000,289
19/7/1999,288
29/1/2000,288
26/3/1998,288
9/1/1999,288
21/2/1999,288
25/7/2000,288
25/10/1999,287
15/1/1999,287
6/5/1998,286
14/12/2000,286
6/4/1998,286
23/1/2000,286
29/10/2000,286
22/11/1999,286
28/9/1999,285
14/5/1999,285
25/6/2000,285
2/8/1999,285
5/7/1999,285
19/6/2000,285
12/5/1998,285
17/7/1998,285
25/2/1999,284
12/1/1999,284
8/2/1999,284
7/3/2000,284
13/7/1999,284
20/12/1998,283
26/6/1999,283
13/4/2000,283
9/1/1998,283
8/10/1998,282
9/4/1999,282
24/4/1998,282
26/1/1998,282
27/7/1998,282
6/7/1999,282
29/10/1998,282
28/7/1999,282
30/4/1999,281
13/5/1998,281
24/6/2000,281
9/4/2000,281
14/4/1998,281
8/7/2000,281
11/12/2000,281
23/9/1999,281
24/10/1999,281
26/8/1999,280
9/5/2000,280
6/12/2000,280
24/8/1999,280
21/6/2000,279
25/3/1999,279
24/3/2000,279
21/2/2000,279
3/5/1998,279
1/12/1999,278
22/2/1998,278
27/11/1999,278
24/6/1999,278
5/9/1998,278
29/10/1999,278
24/12/1999,278
23/9/2000,277
5/12/2000,277
5/8/1999,277
7/3/1999,277
6/10/1998,277
18/5/1999,277
22/10/1999,277
6/2/1998,276
3/5/1999,276
28/2/1999,276
6/4/1999,276
28/10/1998,276
12/5/1999,276
7/8/1999,276
4/12/2000,276
8/11/1999,276
13/12/1999,275
30/6/2000,275
19/2/1998,275
15/2/1998,275
28/3/1999,275
7/6/2000,275
13/3/1998,275
30/3/2000,275
16/12/1998,275
18/1/1999,275
11/10/1999,275
4/9/1998,274
4/10/1999,274
5/8/2000,274
8/12/2000,274
26/4/2000,273
1/7/1998,273
4/10/1998,273
23/11/1999,273
11/6/1999,272
26/10/1998,272
24/2/1998,272
22/7/2000,272
22/6/2000,272
5/10/1998,272
5/4/1999,271
5/2/1999,271
7/3/1998,271
22/8/1999,270
11/10/1998,270
8/5/2000,270
25/3/2000,270
30/11/1999,270
7/7/1998,270
13/8/1998,269
2/5/1998,268
18/6/1999,268
11/3/2000,268
12/3/1999,268
26/7/1999,268
3/8/1999,268
18/4/1999,268
22/3/2000,268
29/7/2000,268
27/5/2000,267
23/11/2000,267
8/5/1998,267
9/7/2000,266
14/1/1998,266
6/12/1999,266
4/8/1998,266
13/9/1998,266
30/7/1999,266
3/11/1999,266
29/4/2000,265
21/5/2000,265
6/1/1999,265
27/10/1998,265
30/10/1998,265
11/4/2000,265
18/5/1998,265
28/7/2000,265
28/6/1999,264
26/11/1999,264
15/4/1998,264
19/4/1999,264
25/1/1999,264
4/7/1999,264
29/9/1998,264
7/5/1999,264
12/7/1998,264
20/5/1999,264
6/2/1999,263
18/4/1998,263
24/2/1999,263
19/3/1999,263
3/1/1999,263
29/2/2000,263
7/10/1998,262
10/12/1998,262
4/12/1999,262
16/12/1999,262
13/7/1998,262
4/6/1998,261
25/4/2000,261
23/2/2000,261
9/2/1998,261
25/8/1998,261
8/1/1999,260
7/4/1999,260
14/6/1999,260
9/3/1999,260
9/6/1999,260
21/3/2000,259
5/3/1998,259
17/4/1998,259
12/3/1998,259
28/3/2000,259
2/8/1998,259
23/8/1999,259
21/8/1999,259
23/3/1999,258
1/7/1999,258
6/7/1998,257
27/4/2000,257
5/1/1998,257
27/3/2000,257
8/5/1999,257
30/9/2000,257
30/4/1998,256
5/2/1998,256
12/11/1998,256
9/12/2000,256
8/6/1999,256
7/5/1998,256
3/9/1998,255
7/11/1999,255
25/12/1998,255
27/1/2000,255
9/7/1999,255
4/1/1999,255
22/9/1999,254
18/6/1998,254
3/7/2000,254
6/3/1999,254
14/3/1998,254
24/7/1999,254
5/4/1998,254
21/9/1999,254
22/8/1998,254
14/3/1999,254
24/3/1998,254
24/8/1998,253
8/4/1999,253
1/12/1998,253
30/11/2000,253
17/6/1998,253
27/6/2000,253
23/6/1999,252
2/11/1998,252
21/1/1998,252
7/1/1998,251
14/7/1998,251
11/9/1998,251
24/5/1999,251
26/12/2000,250
5/8/1998,250
27/12/2000,250
8/7/1999,250
2/6/1999,250
7/9/1998,250
19/6/1999,249
25/9/1998,249
21/10/1998,248
26/2/1998,248
21/7/1999,248
26/8/1998,248
11/1/1998,248
29/3/2000,248
9/5/1998,248
21/3/1999,248
4/8/1999,248
3/12/2000,247
23/7/2000,247
3/6/1999,247
29/5/2000,246
7/2/1999,246
13/11/1998,246
13/12/2000,246
14/1/1999,246
14/12/1999,245
26/12/1999,245
26/1/1999,245
9/5/1999,245
17/5/1998,245
8/6/1998,244
29/1/1998,244
28/5/2000,244
11/8/1998,244
8/2/1998,244
2/6/1998,244
2/12/1999,244
13/1/1999,243
27/2/1999,243
6/11/1998,243
29/5/1999,243
29/6/2000,243
27/5/1998,242
11/2/1999,242
25/4/1999,242
11/6/1998,242
3/8/2000,242
8/12/1999,242
26/4/1999,241
31/10/2000,241
24/1/1998,241
25/1/1998,241
28/4/1999,241
23/5/2000,241
23/1/1999,241
17/6/1999,241
22/6/1999,240
9/11/1998,240
21/4/1999,239
13/3/1999,239
2/7/1999,239
26/9/1998,238
22/4/1999,238
9/12/1999,238
27/8/1998,238
28/11/1998,237
27/5/1999,237
28/1/1998,237
23/10/1998,237
21/12/1999,237
8/4/1998,236
22/5/2000,236
4/7/1998,236
24/10/1998,236
25/11/1998,236
11/5/1998,236
7/12/2000,236
24/6/1998,236
26/5/1999,235
28/5/1998,235
18/7/1998,235
23/3/1998,234
21/6/1999,234
11/12/1999,233
24/9/1998,233
3/7/1999,233
22/12/1998,233
9/7/1998,233
19/3/1998,232
9/3/1998,232
5/7/1998,232
11/1/1999,232
3/10/1998,232
2/7/1998,231
24/12/1998,231
11/2/1998,231
19/6/1998,231
22/1/1999,231
29/11/1999,231
25/6/1999,231
29/8/1999,230
25/3/1998,230
24/1/1999,230
3/1/1998,230
25/7/1999,230
21/2/1998,229
7/11/1998,229
26/2/1999,229
29/7/1999,229
3/8/1998,229
2/12/1998,229
28/9/1998,229
22/10/1998,229
23/4/1999,228
13/2/1999,228
23/6/2000,228
28/3/1998,228
13/2/1998,228
7/12/1999,228
24/5/2000,228
26/5/2000,227
15/12/1998,227
9/2/1999,227
25/2/1998,226
28/12/1999,226
8/12/1998,226
11/3/1999,225
24/7/1998,225
13/1/1998,224
11/4/1999,224
21/8/1998,224
21/4/2000,223
31/1/2000,223
28/7/1998,223
27/1/1998,223
23/9/1998,223
13/4/1998,223
14/11/1998,222
21/5/1999,222
7/6/1998,222
28/12/2000,221
11/3/1998,221
30/3/1999,221
11/4/1998,221
30/7/2000,221
3/7/1998,221
21/1/1999,221
24/11/1998,220
9/6/1998,220
24/3/1999,220
27/2/1998,220
27/4/1999,220
7/4/1998,219
4/11/1998,219
22/9/1998,219
8/11/1998,218
13/12/1998,218
9/8/1998,218
7/2/1998,217
24/5/1998,217
30/5/2000,217
27/3/1999,217
28/4/1998,217
13/6/1998,216
22/7/1998,216
27/6/1999,215
29/6/1999,215
31/8/2000,215
25/4/1998,213
27/4/1998,213
27/9/1998,213
25/6/1998,213
28/5/1999,213
22/11/1998,212
3/6/1998,212
30/5/1999,212
3/12/1999,211
30/1/2000,211
30/8/1998,211
10/10/0,211
22/1/1998,211
23/8/1998,210
8/7/1998,209
9/4/1998,208
23/5/1998,208
4/12/1998,206
28/12/1998,206
24/7/2000,206
11/7/1998,206
21/9/1998,206
23/7/1999,206
30/9/1998,205
22/4/1998,205
7/1/1999,205
22/5/1998,204
23/6/1998,204
23/12/1999,204
23/12/2000,203
14/12/1998,203
26/7/1998,203
29/5/1998,202
22/6/1998,202
28/1/1999,201
21/5/1998,201
21/7/1998,201
22/7/1999,201
19/7/1998,201
23/5/1999,201
20/10/0,200
21/3/1998,199
25/7/1998,199
30/8/1999,198
23/1/1998,198
27/3/1998,198
26/5/1998,198
5/11/1998,198
22/5/1999,197
27/12/1999,197
30/1/1998,197
21/11/1998,197
29/12/2000,196
23/2/1998,196
29/11/1998,195
31/8/1999,195
3/11/1998,195
29/8/1998,195
27/1/1999,194
30/12/1999,193
21/4/1998,192
26/11/1998,191
30/12/2000,191
21/12/1998,190
22/3/1998,189
23/2/1999,189
30/6/1998,187
19/4/1998,186
27/6/1998,186
6/12/1998,186
31/3/2000,186
31/10/1999,185
27/11/1998,185
23/11/1998,184
30/6/1999,184
29/12/1999,184
31/3/1999,184
29/1/1999,183
21/6/1998,181
27/12/1998,181
22/3/1999,180
31/12/2000,180
30/11/1998,179
11/12/1998,178
23/4/1998,178
31/7/1999,177
28/6/1998,176
5/12/1998,175
31/7/2000,175
30/1/1999,173
9/12/1998,173
31/12/1999,173
29/6/1998,172
30/7/1998,172
26/4/1998,171
7/12/1998,171
30/5/1998,171
30/3/1998,170
29/7/1998,169
23/7/1998,169
26/12/1998,168
29/4/1999,167
29/3/1998,167
2/1/0,166
30/12/1998,166
3/12/1998,165
29/12/1998,162
31/5/1999,157
29/4/1998,154
2/9/0,150
31/1/1998,143
2/2/0,142
10/2/0,141
31/8/1998,138
31/3/1998,137
20/11/0,137
23/12/1998,136
20/8/0,135
15/10/0,132
31/12/1998,132
31/1/1999,130
31/5/2000,129
31/10/1998,127
10/1/0,123
31/7/1998,120
17/11/0,119
16/11/0,119
10/3/0,119
12/8/0,117
8/11/0,117
15/9/0,116
16/10/0,116
12/2/0,115
8/12/0,113
20/2/0,113
1/10/0,113
6/1/0,112
19/5/0,112
4/10/0,112
17/10/0,112
18/11/0,111
9/10/0,111
31/5/1998,111
10/5/0,110
5/1/0,110
20/7/0,110
8/3/0,109
1/1/1997,109
6/9/0,108
10/8/0,108
28/8/0,107
14/2/0,107
10/4/0,107
3/3/0,106
16/4/0,105
20/6/0,105
19/1/0,105
18/2/0,105
22/10/0,105
24/10/0,104
10/11/0,104
3/4/0,104
2/10/0,104
1/6/0,103
28/6/0,103
12/10/0,102
10/9/0,102
1/2/0,102
20/5/0,102
20/9/0,102
8/8/0,101
27/10/0,101
1/9/0,101
16/6/0,101
10/6/0,101
5/5/0,100
19/9/0,100
12/9/0,100
1/8/0,100
14/10/0,100
25/10/0,100
25/11/0,100
9/9/0,100
1/11/0,99
20/1/0,99
14/4/0,99
6/6/0,99
25/1/0,98
2/4/0,97
12/6/0,97
7/7/0,97
29/9/0,97
10/12/0,97
12/12/0,97
5/10/0,96
22/1/0,96
26/8/0,96
18/8/0,96
24/4/0,95
24/8/0,95
20/4/0,95
11/9/0,95
28/10/0,95
28/2/0,95
4/6/0,95
16/8/0,95
1/7/0,94
20/3/0,93
15/11/0,93
30/4/0,93
15/8/0,93
15/2/0,93
25/8/0,93
20/12/0,93
4/8/0,93
8/1/0,93
15/4/0,93
1/12/0,92
27/7/0,92
15/7/0,92
15/1/0,92
26/10/0,92
16/9/0,92
18/10/0,92
17/2/0,92
11/11/0,91
2/8/0,91
11/10/0,91
14/8/0,91
19/10/0,91
14/1/0,90
14/6/0,90
12/4/0,90
5/11/0,90
26/6/0,90
3/8/0,89
15/5/0,89
1/4/0,89
7/9/0,89
2/5/0,89
7/10/0,89
10/7/0,88
8/10/0,88
17/8/0,88
5/6/0,88
2/11/0,88
24/11/0,88
25/9/0,88
21/10/0,88
4/11/0,88
19/11/0,88
14/11/0,88
13/5/0,88
5/9/0,87
6/8/0,87
19/7/0,87
24/3/0,87
14/9/0,87
16/2/0,87
13/10/0,86
17/9/0,86
6/2/0,86
3/5/0,86
25/5/0,86
3/12/0,86
16/12/0,86
13/4/0,86
16/1/0,86
13/7/0,86
19/12/0,85
26/9/0,85
1/3/0,85
15/3/0,85
26/2/0,85
22/6/0,85
27/9/0,84
24/9/0,84
4/2/0,84
29/10/0,84
17/1/0,84
12/5/0,84
24/1/0,83
18/4/0,83
15/6/0,83
12/1/0,82
2/3/0,82
18/5/0,82
1/5/0,82
11/6/0,82
23/8/0,81
21/9/0,81
9/11/0,81
12/11/0,81
22/12/0,81
25/12/0,81
3/10/0,81
22/2/0,81
24/5/0,80
5/12/0,80
16/5/0,80
22/9/0,80
17/7/0,80
13/6/0,80
2/6/0,80
19/8/0,79
3/1/0,79
18/3/0,79
16/3/0,79
30/10/0,78
26/7/0,78
8/9/0,78
23/10/0,78
22/8/0,78
28/9/0,78
25/2/0,78
3/2/0,78
17/5/0,78
6/11/0,78
19/2/0,78
12/7/0,77
4/12/0,77
4/4/0,77
22/7/0,77
21/11/0,77
4/1/0,76
13/9/0,76
4/7/0,76
9/3/0,76
6/12/0,76
29/11/0,76
8/5/0,76
30/9/0,76
26/11/0,76
24/2/0,76
2/12/0,76
11/8/0,76
4/5/0,76
13/3/0,75
19/6/0,75
10/10/1997,75
24/12/0,75
3/11/0,75
14/3/0,75
6/4/0,75
22/5/0,75
23/1/0,75
11/1/0,74
21/3/0,74
19/3/0,74
18/9/0,74
27/8/0,74
26/3/0,74
23/9/0,74
9/1/0,74
22/4/0,74
4/3/0,74
30/8/0,73
7/5/0,73
5/7/0,73
13/8/0,73
26/4/0,73
22/11/0,73
23/7/0,73
2/7/0,73
6/5/0,72
27/1/0,72
21/12/0,72
25/6/0,72
7/11/0,72
3/7/0,72
28/7/0,72
21/1/0,72
6/3/0,72
11/12/0,72
18/12/0,72
29/5/0,71
9/12/0,71
11/3/0,71
13/11/0,71
30/5/0,71
6/3/1997,71
29/3/0,71
3/9/0,70
17/4/0,70
9/4/0,70
17/12/0,70
18/1/0,70
30/6/0,70
23/11/0,70
7/3/0,70
7/1/0,70
23/3/0,70
17/6/0,70
5/2/0,69
3/6/0,69
28/11/0,69
6/10/0,69
24/6/0,69
12/3/0,69
9/7/0,69
18/6/0,69
6/7/0,69
21/2/0,69
27/4/0,68
14/7/0,68
29/6/0,68
11/5/0,68
11/7/0,68
5/4/0,67
13/1/0,67
9/6/0,67
21/4/0,67
25/4/0,67
25/7/0,67
23/6/0,66
5/8/0,66
4/9/0,66
27/2/0,66
8/6/0,66
24/7/0,65
7/8/0,65
28/12/0,65
23/2/0,65
18/7/0,65
26/12/0,65
7/12/0,65
30/7/0,65
25/3/0,64
8/2/0,64
23/4/0,64
28/1/0,64
16/7/0,63
30/12/0,63
7/2/0,63
9/2/0,63
27/3/0,63
7/6/0,63
8/7/0,62
26/5/0,62
19/4/0,62
21/8/0,62
7/4/0,62
31/10/0,61
29/7/0,61
21/7/0,61
30/1/0,61
15/12/0,61
9/8/0,61
27/12/0,61
14/5/0,60
28/4/0,60
5/3/0,60
29/4/0,60
27/11/0,60
28/5/0,60
28/3/0,59
17/3/0,59
26/1/0,59
30/11/0,59
27/5/0,59
13/12/0,58
8/4/0,58
21/6/0,57
13/2/0,57
29/8/0,57
14/12/0,57
11/4/0,55
30/3/0,55
11/2/0,55
29/1/0,55
9/5/0,54
27/6/0,53
23/5/0,53
22/3/0,51
23/12/0,51
29/12/0,50
19/4/1997,49
31/7/0,46
21/5/0,45
31/8/0,45
31/1/0,43
15/7/1997,42
31/3/0,41
10/12/1997,36
20/11/1997,35
19/12/1997,35
17/10/1997,34
20/7/1997,34
20/10/1997,34
15/10/1997,34
10/11/1997,33
17/11/1997,33
14/10/1997,33
18/11/1997,32
2/9/1997,32
16/10/1997,31
17/8/1997,29
7/7/1997,29
29/2/1999,29
2/2/1997,28
10/9/1997,28
20/1/1997,28
15/3/1997,28
5/5/1997,27
6/9/1997,27
10/2/1997,26
31/12/0,26
2/11/1997,26
24/12/1997,26
8/10/1997,26
4/10/1997,26
28/10/1997,26
18/4/1997,26
27/10/1997,25
10/8/1997,25
16/11/1997,25
15/12/1997,25
6/6/1997,25
29/2/0,25
19/9/1997,25
26/7/1997,25
6/12/1997,25
25/12/1997,25
31/5/0,25
15/4/1997,24
29/10/1997,24
1/11/1997,24
14/4/1997,24
18/12/1997,24
10/6/1997,24
12/12/1997,24
21/11/1997,24
5/6/1997,23
30/4/1997,23
15/11/1997,23
20/6/1997,23
1/12/1997,23
17/9/1997,23
17/6/1997,23
26/6/1997,23
14/12/1997,23
30/12/1997,23
28/12/1997,23
10/1/1997,23
15/8/1997,23
10/3/1997,22
23/12/1997,22
16/4/1997,22
4/11/1997,22
1/6/1997,22
31/12/1997,22
19/8/1997,22
5/9/1997,22
11/10/1997,22
28/11/1997,22
2/1/1997,22
18/9/1997,22
13/12/1997,22
12/11/1997,22
1/10/1997,22
14/6/1997,22
10/5/1997,22
20/8/1997,21
11/12/1997,21
1/4/1997,21
21/9/1997,21
27/7/1997,21
7/9/1997,21
26/12/1997,21
20/12/1997,21
25/11/1997,21
10/4/1997,21
7/12/1997,21
7/8/1997,21
12/10/1997,21
9/10/1997,21
17/12/1997,21
28/9/1997,20
17/3/1997,20
1/1/1990,20
19/10/1997,20
14/8/1997,20
16/9/1997,20
24/10/1997,20
2/8/1997,20
20/9/1997,20
30/10/1997,20
8/8/1997,20
1/5/1997,20
8/12/1997,20
5/12/1997,19
31/2/1999,19
25/10/1997,19
15/6/1997,19
10/7/1997,19
16/7/1997,19
16/3/1997,19
3/11/1997,19
4/9/1997,19
24/9/1997,19
20/2/1997,19
16/12/1997,19
27/12/1997,19
6/5/1997,19
9/12/1997,19
2/10/1997,19
26/10/1997,19
18/3/98,19
13/9/1997,19
25/8/1997,19
25/9/1997,19
1/9/1997,19
9/9/1997,18
14/7/1997,18
9/8/1997,18
1/2/1997,18
5/3/1997,18
8/6/1997,18
17/4/1997,18
18/10/1997,18
30/2/1999,18
7/11/1997,18
3/12/1997,18
21/10/1997,18
12/7/1997,18
1/7/1997,18
8/11/1997,17
5/1/1997,17
29/7/1997,17
8/4/1997,17
1/1/1996,17
19/11/1997,17
9/11/1997,17
3/4/1997,17
20/3/1997,17
22/12/1997,17
30/11/1997,17
19/5/1997,17
26/11/1997,17
17/7/1997,17
21/12/1997,17
4/3/1997,17
3/5/1997,16
14/11/1997,16
13/6/1997,16
9/6/1997,16
19/7/1997,16
16/5/1997,16
6/6/1996,16
29/8/1997,16
6/8/1997,16
12/5/1997,16
6/10/1997,16
27/9/1997,16
5/4/1997,16
15/5/1997,16
16/8/1997,16
30/2/2000,16
4/2/1997,16
14/9/1997,16
25/4/1997,16
21/7/1997,16
13/5/1997,16
12/4/1997,16
16/6/1997,16
13/3/1997,16
27/11/1997,16
27/8/1997,16
1/3/1997,16
26/4/1997,15
24/6/1997,15
25/2/1997,15
28/2/1997,15
11/6/1997,15
16/2/1997,15
24/4/1997,15
6/11/1997,15
8/3/1997,15
2/6/1997,15
23/10/1997,15
9/1/1997,15
13/10/1997,15
4/8/1997,15
4/12/1997,15
28/6/1997,15
6/7/1997,15
5/11/1997,15
3/10/1997,15
12/8/1997,15
3/7/1997,15
17/2/1997,15
3/9/1997,15
25/6/1997,14
7/1/1997,14
13/7/1997,14
4/5/1997,14
9/5/1997,14
5/2/1997,14
15/9/1997,14
19/1/1997,14
8/7/1997,14
23/3/1997,14
9/4/1997,14
11/4/1997,14
13/8/1997,14
22/4/1997,14
23/11/1997,14
26/9/1997,14
5/7/1997,14
31/7/1997,14
31/2/2000,14
12/3/1997,14
23/2/1997,14
2/5/1997,14
28/8/1997,14
21/8/1997,13
31/11/2000,13
25/3/1997,13
2/7/1997,13
4/4/1997,13
29/9/1997,13
5/8/1997,13
22/9/1997,13
3/8/1997,13
3/2/1997,13
8/2/1997,13
11/11/1997,13
29/12/1997,13
8/5/1997,13
30/8/1997,13
18/5/1997,13
18/8/1997,13
12/6/1997,13
29/2/1998,13
17/1/1997,12
22/6/1997,12
13/11/1997,12
12/2/1997,12
20/5/1997,12
23/1/1997,12
29/3/1997,12
24/8/1997,12
2/4/1997,12
9/3/1997,12
14/2/1997,12
2/3/1997,12
19/3/1997,12
30/7/1997,12
19/2/1997,12
11/3/1997,12
25/7/1997,12
7/2/1997,12
14/1/1997,12
27/6/1997,12
9/2/1997,12
27/4/1997,12
11/7/1997,12
8/2/99,12
1/8/1997,12
28/4/1997,12
31/2/1998,12
19/6/1997,12
11/9/1997,11
22/10/1997,11
1/1/1111,11
18/6/1997,11
3/1/1997,11
25/5/1997,11
28/3/1997,11
29/6/1997,11
26/8/1997,11
13/2/1997,11
12/1/1997,11
12/9/1997,11
21/5/1997,11
7/5/1997,11
6/2/1997,11
2/12/1997,11
8/9/1997,11
24/3/1997,11
27/5/1997,11
30/3/1997,11
3/6/1997,11
1/1/1988,11
23/8/1997,11
16/1/1997,11
15/2/1997,10
23/7/1997,10
13/4/1997,10
18/7/1997,10
29/1/1997,10
20/11/1996,10
28/7/1997,10
11/2/1997,10
22/5/1997,10
31/11/1999,10
3/3/1997,10
4/1/1997,10
29/4/1997,10
29/11/1997,10
10/2/1996,10
18/3/1997,10
6/4/1997,10
9/7/1997,10
7/3/1997,10
11/1/1997,10
31/8/1997,10
24/1/1997,10
7/10/1997,10
,9
15/5/1996,9
27/1/1997,9
22/8/1997,9
21/6/1997,9
29/9/1994,9
28/5/1997,9
30/5/1997,9
23/3/1996,9
1/1/2015,9
11/5/1997,9
24/7/1997,9
16/3/1996,9
14/3/1997,9
26/2/1997,9
29/5/1997,9
22/1/1997,9
26/5/1997,9
20/4/1997,9
13/7/1996,9
10/11/1996,8
23/6/1997,8
21/3/1997,8
25/1/1997,8
12/7/1996,8
18/1/1997,8
24/5/1997,8
28/1/1997,8
5/10/1997,8
6/1/1997,8
8/1/1997,8
15/1/1997,8
7/6/1997,8
21/2/1997,8
30/6/1997,8
26/3/1997,8
4/7/1997,8
1/1/1995,8
21/1/1997,8
31/10/1997,8
17/5/1997,8
13/1/1997,8
9/10/1996,8
27/3/1997,8
4/6/1997,8
23/4/1997,8
23/5/1997,8
4/5/1996,8
11/8/1997,7
8/4/1996,7
20/10/1996,7
10/10/1996,7
30/1/1997,7
2/11/2015,7
23/9/1997,7
30/2/1998,7
24/11/1997,7
31/3/1997,7
22/2/1997,7
31/4/2000,7
12/10/1996,7
13/11/2015,6
6/9/1969,6
9/10/2015,6
26/11/1996,6
31/1/1997,6
2/9/1996,6
19/5/1996,6
7/4/1997,6
8/11/2015,6
7/8/1996,6
21/4/1997,6
20/9/1996,6
28/12/1996,6
31/11/1998,6
3/2/1996,6
17/11/98,6
13/3/1996,6
21/10/1996,6
18/11/1996,6
5/10/1996,6
26/1/1997,6
2/8/1996,6
30/9/1997,6
11/10/1995,6
22/11/1997,6
15/6/1996,6
19/12/1980,6
19/9/1996,6
27/9/1996,5
17/2/2015,5
27/11/2015,5
10/11/2015,5
7/10/1996,5
14/5/1996,5
7/8/2003,5
14/3/1996,5
27/3/1996,5
3/7/1996,5
24/9/1996,5
6/3/1996,5
3/4/1996,5
1/1/1,5
18/3/1996,5
28/9/1996,5
2/12/2015,5
12/10/1988,5
8/10/1996,5
25/6/1996,5
1/3/1996,5
3/6/1996,5
22/3/1997,5
2/1/1981,5
11/11/1996,5
10/7/1996,5
17/11/2015,5
14/5/1997,5
7/12/1996,5
1/5/1993,5
5/4/1996,5
13/11/1996,5
27/2/1997,5
15/7/1996,5
6/11/2015,5
10/10/1988,5
2/2/1996,5
29/12/1996,5
1/1/2001,5
2/5/1996,5
31/4/1998,5
24/4/1996,5
31/5/1997,5
31/9/1999,5
5/8/1996,5
15/8/1995,5
18/10/23,5
18/9/1996,5
31/9/2000,5
17/1/1996,5
14/4/1996,4
17/8/1996,4
9/11/1996,4
1/10/1,4
4/12/1996,4
13/8/1994,4
2/10/1995,4
20/1/1996,4
6/11/1996,4
22/6/1996,4
12/11/2015,4
2/2/2,4
17/8/2015,4
16/7/1996,4
1/1/1994,4
25/7/1996,4
25/5/1995,4
27/7/1996,4
19/11/1996,4
7/5/1996,4
8/7/1996,4
28/9/28,4
8/1/1996,4
1/1/1991,4
1/1/1987,4
10/1/1996,4
26/2/1996,4
1/2/1996,4
10/5/1996,4
3/11/1996,4
10/4/1996,4
1/2/2001,4
25/9/1996,4
26/12/1996,4
10/9/1996,4
12/6/1996,4
13/10/1994,4
8/8/1996,4
5/9/1995,4
20/6/1996,4
18/12/200,4
3/3/1996,4
22/3/1996,4
31/6/1998,4
7/3/1991,4
26/10/1996,4
12/2/1996,4
30/11/2015,4
14/7/1996,4
15/3/1996,4
1/1/200,4
30/11/1996,4
14/12/1996,4
2/9/2015,4
24/9/2015,4
16/1/1993,4
1/12/2015,4
8/3/8,4
19/7/19,4
19/11/2015,4
12/9/1996,4
24/2/1997,4
16/4/1996,4
12/5/1996,4
5/6/1996,4
19/12/1995,4
14/8/1996,4
10/4/1993,4
20/7/1996,4
15/1/1996,4
30/12/1994,4
6/12/1996,4
2/3/1996,4
10/10/1991,4
24/7/24,4
24/3/1996,4
22/7/1997,4
24/11/2015,4
1/6/1996,4
19/12/1993,4
16/12/1996,4
12/12/1996,4
18/2/1997,4
9/4/1996,4
6/2/1996,4
16/8/1996,4
24/5/1996,4
21/11/2002,4
1/1/2002,4
10/10/10,4
4/7/1995,4
15/11/1996,4
4/10/1996,4
21/4/1996,4
6/3/1995,4
24/8/1996,4
1/1/98,4
16/6/1996,4
2/11/1996,4
14/1/1996,4
1/3/2004,4
29/10/1996,4
7/9/1995,3
12/5/1995,3
31/2/0,3
20/8/1996,3
24/10/1994,3
26/6/1988,3
5/5/1985,3
1/1/1981,3
20/12/1995,3
12/8/1996,3
24/2/1996,3
5/9/2015,3
6/5/1996,3
10/5/10,3
18/10/2015,3
17/10/1984,3
19/2/1996,3
16/3/2001,3
27/9/1990,3
2/12/1996,3
24/7/1996,3
10/12/1996,3
20/8/1995,3
19/7/1990,3
4/4/1992,3
22/9/22,3
17/9/1996,3
23/10/1996,3
8/10/2015,3
3/1/1996,3
25/11/1995,3
24/9/2001,3
19/1/1996,3
24/11/1996,3
17/12/1996,3
5/12/2015,3
1/4/1,3
26/7/1996,3
16/12/1995,3
28/8/1996,3
26/6/1996,3
1/7/1996,3
8/5/1996,3
5/5/5,3
13/3/1990,3
16/2/1996,3
25/8/1996,3
9/3/1985,3
22/9/1996,3
10/10/1994,3
9/12/1996,3
3/6/3,3
1/4/98,3
13/8/1992,3
17/4/1996,3
22/1/1996,3
10/6/1995,3
8/3/1996,3
15/1/1995,3
30/12/1996,3
30/10/1995,3
12/4/1996,3
26/8/1996,3
14/9/1996,3
15/8/1996,3
10/3/2015,3
11/8/199,3
1/5/1995,3
16/11/1996,3
22/11/22,3
16/4/16,3
4/10/4,3
21/1/1993,3
5/5/1995,3
6/6/1994,3
3/3/1978,3
6/4/1994,3
1/1/1989,3
15/10/1996,3
12/2/1995,3
31/9/1998,3
19/11/1995,3
9/6/9,3
9/6/1991,3
28/10/1996,3
22/5/1994,3
5/11/5,3
12/7/1995,3
19/10/1995,3
2/1/1996,3
15/2/200,3
6/12/1995,3
30/10/200,3
3/4/199,3
28/11/1996,3
1/9/2015,3
20/1/1990,3
14/2/200,3
22/12/1996,3
15/9/1996,3
19/10/2002,3
1/10/1996,3
17/11/1989,3
10/3/1996,3
30/6/1996,3
19/9/1994,3
1/1/19999,3
24/10/1996,3
31/12/1996,3
17/6/1996,3
24/10/200,3
30/8/1988,3
19/2/2001,3
23/2/1996,3
15/9/2015,3
15/8/98,3
29/11/2015,3
20/3/1996,3
19/12/1996,3
21/10/1995,3
1/6/1995,3
17/11/1996,3
3/9/1996,3
9/8/1990,3
6/4/1995,3
13/12/1996,3
1/4/1996,3
1/11/1996,3
9/5/1996,3
27/4/2001,3
9/9/1996,3
26/5/1996,3
3/4/1993,3
16/3/99,3
27/10/1996,3
19/4/1996,3
11/9/1996,3
27/9/1995,3
2/3/2001,3
24/8/2015,3
5/12/99,3
12/9/12,3
15/6/1995,3
21/12/1996,3
1/1/1983,3
18/11/2001,3
1/1/1992,3
15/9/1995,3
17/6/2015,3
28/11/28,3
13/5/200,3
20/10/1995,3
6/10/1995,3
2/1/1995,3
3/10/1996,3
5/8/1995,3
11/7/2015,3
26/12/1993,3
4/9/1993,3
24/12/1996,3
29/8/1996,3
23/11/2015,3
14/11/2015,3
2/2/1989,3
16/10/1993,3
23/9/1996,3
5/4/5,3
2/2/1990,3
11/9/2005,3
18/8/1996,3
29/2/1997,3
5/5/1996,3
5/11/2015,3
9/8/1996,3
17/2/1996,3
8/8/1995,3
17/11/11,3
16/8/16,3
14/9/2015,3
7/7/1996,3
23/8/1996,3
16/11/1988,3
13/8/1996,3
3/1/1995,3
20/2/1996,3
24/10/1995,3
11/9/1995,3
16/9/1996,3
28/11/2015,3
27/11/27,3
3/8/2015,3
11/12/1993,3
18/8/1985,3
20/7/1984,3
2/2/2015,2
22/2/1987,2
2/6/1995,2
5/3/1996,2
15/7/2001,2
4/2/1996,2
1/10/1987,2
6/7/1996,2
15/11/2015,2
16/6/2015,2
12/12/12,2
12/6/1993,2
9/9/99,2
6/1/1994,2
12/8/1982,2
2/2/2002,2
21/6/2015,2
4/2/1994,2
21/9/2002,2
6/8/1990,2
15/2/1996,2
10/1/1994,2
12/4/2015,2
20/12/2015,2
28/6/1986,2
13/10/20000,2
18/12/1995,2
26/4/1996,2
15/6/2015,2
14/8/1995,2
5/11/2001,2
1/9/1,2
2/9/1994,2
24/9/19999,2
19/11/1970,2
14/12/2002,2
4/11/1996,2
11/10/200,2
13/8/2015,2
15/5/2,2
1/3/1,2
12/8/1988,2
14/5/200,2
1/2/200,2
4/6/4,2
1/1/199,2
18/7/1995,2
6/1/1992,2
18/7/2015,2
4/11/1994,2
17/12/2015,2
21/10/1993,2
8/12/1996,2
20/8/1984,2
17/6/17,2
15/10/19998,2
17/3/2013,2
16/8/1995,2
12/11/1996,2
21/7/1995,2
10/5/1995,2
26/11/20000,2
26/9/1994,2
18/11/1987,2
13/8/1991,2
3/4/1991,2
19/4/2015,2
1/1/2011,2
10/4/1991,2
30/3/1995,2
26/3/1996,2
31/5/1990,2
8/8/1985,2
8/10/8,2
28/3/20000,2
25/2/2,2
28/12/200,2
30/8/1993,2
2/2/1988,2
15/8/1993,2
7/1/2015,2
1/1/1969,2
27/12/27,2
23/10/23,2
20/5/1996,2
1/1/1911,2
15/10/2015,2
7/7/199,2
1/11/1994,2
29/5/1993,2
8/1/1995,2
19/11/1990,2
24/12/1987,2
3/3/1992,2
25/4/1,2
26/10/2015,2
30/10/2015,2
6/5/1994,2
7/10/7102000,2
19/12/99,2
7/7/1989,2
1/10/1993,2
9/10/2002,2
13/11/1993,2
24/1/20000,2
6/6/2015,2
25/3/25,2
11/8/2015,2
13/6/98,2
16/9/199,2
31/11/0,2
6/6/1977,2
4/5/19999,2
24/1/1996,2
25/7/199,2
18/2/2004,2
13/12/1990,2
31/7/1995,2
22/7/2001,2
2/11/200,2
1/10/1988,2
10/2/98,2
20/11/1995,2
23/9/1995,2
11/3/200,2
15/10/2001,2
13/9/13,2
7/9/2015,2
17/3/1983,2
12/2/2002,2
25/11/19999,2
29/7/2015,2
12/9/2015,2
12/12/2012,2
15/11/1993,2
5/1/1996,2
23/9/1994,2
6/2/2015,2
4/6/2015,2
31/4/1999,2
27/12/1995,2
6/9/1996,2
11/5/1993,2
4/1/4,2
17/3/2004,2
2/4/1994,2
16/3/2,2
22/3/200,2
10/11/1988,2
30/4/2015,2
11/3/1995,2
24/2/200,2
8/7/2015,2
1/10/1989,2
6/7/2003,2
25/4/1995,2
2/6/1994,2
10/11/1984,2
23/8/2001,2
20/2/1988,2
15/5/2002,2
4/4/200,2
10/10/1995,2
3/9/2002,2
7/3/1996,2
15/3/1995,2
11/2/2002,2
27/5/1996,2
19/5/19,2
11/10/1996,2
11/10/11,2
18/8/2003,2
12/12/200,2
3/2/1988,2
11/5/1995,2
15/6/15,2
15/12/200,2
10/10/2001,2
2/6/20000,2
1/8/20000,2
6/4/1996,2
30/3/2001,2
25/2/1995,2
12/4/1994,2
2/4/2009,2
7/2/1989,2
31/6/2000,2
20/7/2007,2
12/2/2001,2
11/11/2015,2
21/11/2015,2
17/5/1996,2
31/5/1996,2
22/4/1996,2
28/8/2015,2
17/3/1996,2
20/4/2,2
2/3/2,2
18/10/1987,2
8/3/2015,2
5/7/1996,2
22/11/2015,2
11/4/1992,2
19/2/200,2
23/9/2015,2
29/6/2015,2
17/10/1993,2
29/3/1996,2
16/12/2015,2
20/4/1996,2
4/10/1993,2
21/11/1996,2
4/4/1994,2
30/1/1996,2
21/9/21,2
25/2/1996,2
20/11/1978,2
13/10/13,2
16/10/1988,2
5/8/5,2
16/10/1996,2
23/2/2001,2
18/10/1980,2
6/6/2001,2
13/6/1996,2
21/8/1992,2
26/11/2015,2
13/9/1995,2
25/10/1996,2
18/11/1988,2
2/5/200,2
2/6/2,2
25/11/1988,2
9/6/1996,2
17/2/2,2
28/3/28,2
14/5/1990,2
19/11/1994,2
31/1/2015,2
20/6/20,2
9/9/2015,2
21/2/1987,2
26/10/26,2
20/7/1988,2
19/10/1996,2
21/5/1996,2
2/2/19999,2
18/1/1996,2
9/4/9,2
19/9/1989,2
17/7/1995,2
15/1/2001,2
8/7/1995,2
22/9/1985,2
11/11/1995,2
10/3/2001,2
18/7/1994,2
6/4/2015,2
17/9/1995,2
25/7/2001,2
5/10/2015,2
5/1/20000,2
17/11/1995,2
18/4/1996,2
8/3/20000,2
17/11/1994,2
19/2/2,2
6/6/1995,2
4/3/1990,2
26/2/1995,2
31/11/2015,2
18/5/1996,2
9/12/9,2
5/1/5,2
6/12/2015,2
8/9/200,2
16/7/20000,2
30/7/1996,2
10/12/2015,2
11/1/200,2
15/2/1990,2
3/8/1979,2
11/7/1996,2
31/5/1995,2
18/2/1996,2
30/11/1994,2
13/10/1969,2
1/6/1,2
16/6/1988,2
20/7/20,2
4/12/2,2
12/5/1994,2
19/10/1989,2
28/9/1995,2
14/8/14,2
4/4/1991,2
28/1/2001,2
20/11/200,2
10/10/1984,2
25/8/1995,2
12/3/1996,2
10/5/1992,2
14/5/2015,2
29/3/1994,2
8/12/8,2
19/8/2001,2
15/4/1994,2
5/6/1986,2
29/6/29,2
4/3/4,2
14/4/1984,2
10/7/1988,2
9/4/2015,2
25/5/1996,2
11/2/200,2
13/2/1996,2
9/6/2015,2
14/9/1992,2
25/3/20000,2
17/1/17,2
27/3/2001,2
16/1/1995,2
15/5/15,2
8/11/2001,2
2/9/1995,2
24/7/2003,2
26/9/26,2
28/9/1988,2
3/12/1996,2
17/3/1995,2
30/11/30,2
14/6/2015,2
8/9/1996,2
15/10/1994,2
4/8/1995,2
7/5/2004,2
12/12/2015,2
24/8/24,2
25/1/200,2
13/11/13,2
10/9/2015,2
25/12/2015,2
6/3/6,2
17/10/1995,2
8/2/2001,2
9/9/1994,2
4/10/2015,2
12/12/1995,2
10/6/1996,2
25/12/1994,2
16/3/20000,2
23/7/1996,2
3/11/2015,2
18/7/1996,2
9/2/99,2
3/3/1994,2
27/8/2015,2
30/4/1983,2
8/11/1994,2
5/11/1994,2
25/12/1996,2
26/3/1993,2
28/9/1992,2
16/1/1996,2
26/3/2015,2
5/2/5,2
1/1/1984,2
4/8/2015,2
24/9/24,2
13/9/1994,2
14/10/2015,2
7/3/1988,2
10/3/1995,2
11/12/11,2
20/2/199,2
20/12/1996,2
23/12/1996,2
10/4/1990,2
27/12/1996,2
28/2/200,2
19/8/1995,2
28/1/1996,2
19/1/1995,2
11/5/2015,2
5/1/1988,2
10/8/1988,2
20/1/1984,2
19/2/19,2
6/10/2015,2
13/4/1996,2
17/9/2001,2
9/10/200,2
19/8/19,2
24/6/2015,2
2/2/1995,2
17/2/1988,2
18/11/1991,2
17/9/1989,2
4/9/1994,2
25/9/2015,2
2/5/1995,2
10/4/1982,2
16/11/2015,2
1/1/2009,2
4/4/1996,2
11/8/1996,2
5/9/200,2
15/12/1996,2
17/7/1996,2
30/11/99,2
14/2/14,2
12/2/12,2
8/10/1995,2
11/1/1992,2
28/2/1993,2
4/8/1996,2
26/9/2015,2
22/10/1996,2
4/11/1995,2
27/7/200,2
17/9/2015,2
5/5/1989,2
8/3/2,2
4/5/1995,2
30/8/1996,2
9/3/2,2
19/3/1996,2
20/10/1987,2
9/4/2001,2
15/4/1996,2
5/12/1996,2
21/4/1995,2
22/5/5,2
13/7/200,2
18/10/1995,2
11/7/2001,2
2/9/2,2
23/1/1996,2
17/11/1988,2
28/11/1995,2
9/7/1996,2
29/9/1995,2
9/8/1995,2
28/1/2015,2
1/9/1996,2
18/1/2001,2
1/8/1,2
27/12/1992,2
13/1/200,2
16/4/2001,2
22/8/1996,2
13/11/1968,2
26/1/1996,2
12/10/99,2
25/10/2015,2
2/1/1990,2
8/2/2004,2
10/4/1995,2
27/9/2015,2
19/11/1980,2
25/1/69,2
11/12/1995,2
29/7/1995,2
16/9/2015,2
8/6/1988,2
11/12/1996,2
15/4/200,2
4/7/1991,1
31/3/1996,1
16/1/1988,1
11/4/2005,1
15/9/2,1
28/2/2015,1
14/3/1981,1
15/4/1961,1
19/7/19072000,1
15/1/15,1
18/8/1990,1
13/12/2012,1
25/10/97,1
23/11/1992,1
28/4/2001,1
26/6/26062000,1
21/12/3195871,1
17/10/1922,1
9/8/2001,1
3/10/1985,1
7/6/2015,1
19/10/1980,1
29/2/29,1
1/10/2015,1
29/9/29,1
14/5/1991,1
18/3/200,1
16/11/1960,1
20/5/200,1
2/2/199,1
12/11/2008,1
27/7/1993,1
19/11/1889,1
13/4/200,1
19/10/1988,1
1/6/1980,1
1/1/10,1
12/3/1990,1
1/8/1964,1
18/9/1995,1
18/5/1995,1
7/1/199,1
15/4/2008,1
27/12/199726451818,1
16/5/1978,1
28/7/2015,1
13/12/1988,1
29/6/1982,1
12/9/1990,1
6/4/1983,1
29/12/2015,1
14/5/199,1
17/7/199,1
13/7/3216456,1
1/9/2013,1
2/8/1989,1
12/4/1987,1
20/1/1974,1
28/9/2015,1
23/7/2015,1
9/7/1992,1
10/3/2004,1
20/5/2008,1
20/5/2004,1
5/2/2003,1
7/8/19998,1
25/4/25,1
12/4/2012,1
17/4/1704,1
22/10/1988,1
4/12/200,1
16/6/200,1
29/11/1991,1
18/12/19980,1
12/10/1994,1
14/12/200,1
17/3/1990,1
27/8/1986,1
7/10/20000,1
11/6/1234,1
28/9/1990,1
15/10/1988,1
26/10/1992,1
10/10/2011,1
12/1/2010,1
3/3/1985,1
22/6/2,1
23/6/1995,1
9/3/1988,1
16/7/1198,1
20/7/19993,1
11/10/2,1
16/2/1000,1
2/1/191966992,1
14/1/14,1
24/11/1995,1
25/3/2002,1
20/5/1977,1
28/8/99,1
24/2/199,1
17/10/17,1
24/9/1992,1
4/6/1994,1
6/9/6996,1
3/5/2009,1
7/11/99,1
1/2/1987,1
13/11/1991,1
31/8/1994,1
1/8/8,1
17/9/1988,1
26/2/1994,1
29/6/2002,1
6/11/2003,1
7/8/1980,1
31/1/1989,1
7/7/2002,1
2/7/1993,1
11/11/19999,1
21/3/1978,1
8/8/1992,1
16/11/7655656,1
20/12/1984,1
10/2/200,1
30/9/30,1
11/3/1973,1
25/11/2,1
22/10/2004,1
2/6/1969,1
13/4/1995,1
24/1/1,1
14/2/1991,1
17/4/1985,1
22/9/1994,1
4/12/1987,1
18/8/1983,1
25/7/12000,1
18/11/18,1
17/1/2014,1
10/11/1994,1
10/4/1989,1
16/7/16,1
29/10/2015,1
27/7/2002,1
17/2/1989,1
29/9/2,1
16/3/2015,1
15/3/1988,1
10/7/2015,1
5/8/20001,1
19/9/2001,1
18/8/2001,1
2/7/2001,1
30/11/199,1
7/10/7,1
6/7/19995,1
20/11/1977,1
9/1/99,1
19/9/19,1
8/6/2015,1
29/1/1996,1
25/4/2015,1
9/5/9,1
17/5/20000,1
4/1/1993,1
16/12/2007,1
24/12/2015,1
16/3/2002,1
6/9/1968,1
21/6/21,1
29/12/20000,1
10/7/10,1
18/9/1234,1
27/3/1994,1
19/9/1990,1
16/5/199,1
1/7/1985,1
19/11/11936,1
22/11/19998,1
15/3/2005,1
17/12/1995,1
16/10/1980,1
31/9/1997,1
3/5/1969,1
14/11/1996,1
22/5/2003,1
19/12/199,1
25/9/1988,1
2/12/1960,1
9/6/2,1
14/2/1994,1
18/8/998,1
28/7/1986,1
29/2/1992,1
25/3/1996,1
20/9/998,1
12/5/20000,1
10/9/2009,1
24/5/1998012,1
20/12/2001,1
5/3/1988,1
20/9/2004,1
16/2/2015,1
8/7/1998265,1
11/3/2015,1
28/2/1988,1
29/3/1986,1
19/11/2001,1
19/4/2005,1
30/11/123456,1
29/7/29,1
17/1/2001,1
30/6/1982,1
7/5/1989,1
10/12/10,1
6/6/1986,1
18/11/1995,1
3/5/20000,1
19/3/19981900,1
6/2/98,1
2/2/1994,1
20/4/99,1
24/4/2015,1
31/2/1990,1
7/11/1993,1
2/12/98,1
2/1/1987,1
27/3/19999,1
10/4/4999,1
17/7/2001,1
16/1/2998,1
5/11/1996,1
18/10/1254,1
5/11/1991,1
1/9/1980,1
30/4/2001,1
27/11/1994,1
3/11/1988,1
20/7/1992,1
1/11/1987,1
13/11/1988,1
20/10/1993,1
3/2/1989,1
18/3/19980,1
29/1/19999,1
20/2/1197,1
26/1/97,1
16/10/56478,1
1/6/1993,1
25/5/25,1
6/2/1995,1
1/6/1984,1
18/1/2069,1
18/2/1995,1
13/11/1995,1
1/3/2001,1
18/12/2007,1
16/9/1983,1
30/7/19998,1
12/12/2002,1
29/12/199701737,1
1/2/1994,1
6/7/157,1
21/9/1995,1
1/11/98,1
22/10/2006,1
25/6/199,1
31/2/1993,1
14/2/1846,1
15/6/199,1
13/7/20000,1
16/9/1987,1
24/1/2004,1
27/3/27,1
3/2/200,1
27/6/1995,1
6/3/2001,1
15/7/2005,1
26/1/1988,1
1/7/19998,1
16/12/2002,1
18/8/1984,1
11/6/1995,1
16/3/19998,1
29/10/29,1
1/1/20000,1
20/12/199,1
3/5/1996,1
20/10/2004,1
8/11/1996,1
6/6/98,1
4/8/97,1
23/5/2009,1
18/10/20000,1
10/1/1234,1
5/7/1993,1
17/12/1988,1
7/8/20,1
25/3/1990,1
28/11/1989,1
27/7/199,1
27/11/1996,1
15/11/2002,1
27/6/200001655344621,1
8/2/200,1
17/12/1889,1
10/4/199,1
19/12/19,1
8/10/2001,1
25/11/2002,1
13/12/1010,1
15/7/1995,1
28/8/1629098370,1
4/4/19999,1
22/1/1197,1
18/10/2001,1
22/4/1982,1
16/9/19999,1
2/9/332000,1
23/5/1988,1
26/3/98,1
26/11/2001,1
25/1/10,1
2/8/1995,1
18/6/1995,1
4/11/1991,1
20/10/200,1
16/1/1,1
19/12/2115,1
26/3/1989,1
20/4/1985,1
15/7/15,1
31/7/2001,1
25/5/2,1
12/9/1987,1
22/2/2013,1
27/10/1989,1
6/11/20000,1
20/3/203,1
9/2/9,1
5/6/1911,1
14/6/1995,1
5/10/98,1
6/5/1,1
28/8/1995,1
30/4/2002,1
23/3/23,1
5/5/1990,1
26/11/1988,1
20/10/20,1
10/10/2015,1
3/6/200,1
6/2/2001,1
4/11/4,1
12/2/1989,1
20/8/9865321467,1
14/4/1995,1
29/5/1990,1
23/8/23,1
5/1/1,1
2/6/1987,1
12/2/1,1
31/10/1993,1
28/4/200,1
17/6/1234,1
28/1/20003819,1
10/7/19999,1
23/4/23,1
18/3/19984,1
18/12/99,1
31/10/31,1
21/7/1996,1
20/11/20,1
27/11/12,1
1/1/2,1
5/7/5,1
2/9/1983,1
7/7/1978,1
28/11/1993,1
27/9/20000,1
16/10/2001,1
30/3/30031998,1
18/10/1996,1
18/2/18,1
24/1/1995,1
4/1/1995,1
17/6/2005,1
23/11/2011,1
21/10/19998,1
17/1/2015,1
3/7/1989,1
29/5/1994,1
16/9/1989,1
15/6/1993,1
20/2/200,1
18/3/20000,1
28/10/111999,1
18/1/2002,1
22/1/20000,1
28/2/28,1
9/10/1977,1
14/11/1854,1
24/11/18,1
17/7/2555,1
3/8/1990,1
29/11/1996,1
21/1/1949,1
19/2/1995,1
1/2/1978,1
13/4/99,1
22/5/2001,1
3/4/1989,1
22/5/1978,1
14/5/1993,1
17/11/19999,1
8/2/1900,1
16/3/12324,1
26/11/1994,1
5/9/20000,1
15/10/10,1
7/6/1977,1
6/3/2015,1
10/10/2003,1
21/4/1985,1
6/10/1989,1
21/7/199,1
3/1/1990,1
15/4/20000,1
2/10/1996,1
13/7/1995,1
12/3/1995,1
18/6/1996,1
17/8/1994,1
28/9/2,1
23/9/1982,1
5/8/1989,1
13/1/1988,1
8/8/1994,1
10/1/2015,1
6/3/200,1
7/4/1995,1
16/9/1988,1
20/5/1988,1
6/6/1985,1
24/2/1986,1
15/8/2015,1
16/5/1996,1
30/7/30,1
31/1/1980,1
18/9/97,1
25/10/2010,1
21/9/1,1
27/9/1994,1
19/3/20000,1
26/4/1993,1
18/3/2015,1
19/5/1992,1
18/6/2,1
11/2/20000,1
19/6/1198,1
25/2/1987,1
23/4/2003,1
13/12/2069,1
8/9/2015,1
21/4/1991,1
17/8/17,1
1/11/2001,1
1/10/1995,1
10/10/1985,1
12/7/1998164,1
30/12/1995,1
10/11/2009,1
17/7/1982,1
26/5/26,1
25/2/2003,1
8/11/1986,1
16/2/1995,1
25/8/25,1
30/10/1975,1
28/1/1988,1
15/2/998,1
30/9/99,1
18/4/2001,1
9/1/1996,1
5/2/19999,1
16/4/1995,1
26/7/2003,1
10/6/1984,1
15/5/1990,1
4/4/4,1
27/4/1995,1
3/7/3,1
25/8/19999,1
24/9/200,1
10/8/1984,1
3/9/198,1
31/1/19998,1
24/1/1983,1
9/10/1981,1
24/9/1993,1
21/7/200,1
18/1/1980,1
19/7/2003,1
7/6/1990,1
15/1/1994,1
19/5/2001,1
7/10/2015,1
6/10/1986,1
19/7/1989,1
13/8/1988,1
11/11/1985,1
16/1/2015,1
23/2/1,1
11/6/1990,1
13/1/1984,1
15/5/26000230,1
31/3/142922021,1
20/2/1994,1
15/7/1571999,1
5/10/2005,1
20/11/1991,1
1/9/2003,1
19/10/1000,1
16/10/7894,1
19/4/20000,1
21/1/19981875,1
4/4/1009,1
16/3/1993,1
27/8/1987,1
7/1/1991,1
8/1/20000,1
10/5/200,1
16/7/1982,1
17/10/1542,1
6/12/1984,1
17/1/20000,1
24/4/1995,1
25/10/2002,1
15/10/1989,1
8/7/8,1
17/12/17,1
13/10/1090,1
13/6/2015,1
19/5/1982,1
10/12/1992,1
20/2/1638220258,1
14/10/1964,1
25/6/1980,1
13/11/200,1
10/2/1993,1
22/2/20000,1
2/5/2006,1
15/5/200,1
4/4/19992,1
7/6/1996,1
16/3/1994,1
20/8/1987,1
12/1/19999,1
3/10/1984,1
22/10/1993,1
24/11/20,1
30/10/1996,1
1/1/2010,1
3/11/200,1
28/4/28,1
28/10/2015,1
3/3/200,1
9/12/1993,1
17/7/9,1
17/10/1996,1
3/9/1992,1
18/7/1991,1
18/9/1992,1
11/9/1988,1
1/11/1989,1
13/11/98,1
19/10/2009,1
25/6/200,1
18/9/10,1
12/8/198,1
29/12/2010,1
17/3/2015,1
7/11/2007,1
22/1/2015,1
14/5/14,1
28/5/1980,1
2/9/19999,1
27/4/1981,1
6/5/1985,1
14/10/1985,1
22/4/200,1
10/2/10,1
3/3/147852,1
2/6/1996,1
18/7/1983,1
3/3/199,1
25/2/1998123456789,1
8/4/1994,1
29/10/200,1
3/12/1994,1
27/6/97,1
19/9/1991,1
26/9/1996,1
17/12/1588,1
3/10/990918912244,1
2/3/1944,1
7/11/199,1
15/3/2001,1
15/9/1992,1
30/2/2002,1
13/5/2002,1
19/12/20000,1
19/3/200,1
16/10/2015,1
10/2/2015,1
5/2/20000,1
10/11/1990,1
20/6/19999,1
10/5/2015,1
24/11/1,1
22/10/2003,1
11/9/2003,1
20/3/2015,1
3/8/2013,1
11/7/2002,1
1/1/1978,1
4/12/1986,1
31/7/2,1
1/11/1993,1
18/4/1984,1
20/4/1988,1
1/8/1989,1
22/1/2002,1
9/11/1980,1
11/1/11,1
5/9/1983,1
7/12/2015,1
30/1/1992,1
26/9/1991,1
6/3/1983,1
18/2/200,1
2/1/2,1
6/3/1989,1
4/9/1974,1
4/1/2004,1
7/10/1969,1
20/1/20000,1
21/11/1,1
12/6/1988,1
12/7/2001,1
11/9/1993,1
15/4/2009,1
2/12/2,1
1/3/1988,1
6/5/1990,1
17/3/1992,1
24/11/1979,1
4/5/1991,1
16/2/1989,1
10/11/97,1
22/7/1987,1
1/5/1990,1
22/11/2211,1
7/10/1995,1
17/2/1979,1
19/1/19999,1
21/3/1992,1
2/7/1988,1
24/8/1995,1
18/8/1989,1
14/7/2002,1
30/3/1985,1
29/12/2912,1
10/10/1983,1
23/1/19989,1
15/9/1993,1
5/11/200,1
10/3/1993,1
20/10/1976,1
15/3/199,1
21/4/1000,1
16/7/1995,1
14/2/8,1
2/4/998,1
13/3/2009,1
12/1/12,1
23/3/1992,1
16/10/1984,1
24/9/1988,1
5/2/1994,1
20/6/200,1
30/3/2015,1
17/2/198,1
15/3/2004,1
20/2/1986,1
20/12/1988,1
2/5/2015,1
25/2/20000,1
16/2/1008,1
1/11/199,1
16/2/1991,1
2/3/98,1
10/3/1985,1
13/3/20000,1
20/10/1998142777346,1
4/5/2001,1
28/2/1995,1
27/9/1991,1
8/10/1988,1
2/6/200000000,1
22/1/19988,1
14/5/2,1
25/5/1198,1
4/8/1991,1
5/6/1983,1
29/7/19898,1
26/10/2002,1
12/11/1991,1
8/11/2,1
1/8/200,1
28/4/199,1
19/10/6969,1
17/8/1988,1
11/10/1986,1
1/1/1945,1
14/9/2002,1
26/5/1991,1
4/3/2015,1
20/6/2001,1
9/9/200,1
1/4/200010,1
10/7/1983,1
21/7/21,1
2/7/1995,1
10/8/1990,1
7/11/2015,1
26/1/20000,1
25/1/1980,1
24/2/1988,1
5/2/1985,1
6/9/1985,1
6/3/1992,1
4/8/2,1
17/12/2001,1
7/3/2001,1
20/8/20,1
3/4/1,1
28/12/1985,1
8/5/1985,1
17/4/2001,1
15/1/1993,1
1/1/1965,1
13/10/200,1
14/2/1989,1
9/4/4,1
24/7/2015,1
18/11/198,1
4/10/11223344,1
18/4/199,1
23/8/1995,1
9/12/2015,1
23/11/1,1
14/9/200,1
16/11/16,1
27/11/1991,1
19/11/19999,1
5/11/1984,1
6/10/2001,1
15/7/12,1
2/7/1996,1
19/3/1981,1
30/5/1992,1
1/12/1974,1
20/8/1994,1
24/4/18998,1
27/10/1990,1
10/9/1995,1
28/3/2015,1
29/9/19981873,1
2/6/1992,1
5/2/99,1
14/4/1235,1
16/2/2001,1
27/8/1995,1
12/6/1986,1
29/12/1994,1
15/6/2005,1
17/8/200,1
30/12/19980257,1
16/9/1666,1
10/2/1995,1
18/11/71052151,1
26/4/1995,1
4/7/1996,1
19/5/2015,1
19/1/199,1
30/4/2005,1
14/12/12,1
5/1/1998215477825,1
10/3/1990,1
30/9/1992,1
7/10/1988,1
2/8/1980,1
18/2/1985,1
12/10/1995,1
7/9/1338,1
7/1/2002,1
17/7/1992,1
6/6/20000,1
23/6/1985,1
15/11/12,1
9/11/1988,1
23/1/1995,1
18/6/1990,1
18/9/9999,1
2/10/2004,1
14/1/2001,1
22/11/1976,1
26/7/19988,1
10/10/200,1
16/6/1993,1
22/11/1991,1
12/2/1991,1
18/1/1987,1
23/10/2015,1
3/6/2015,1
2/2/1992,1
20/1/1111,1
29/7/1994,1
4/4/1989,1
24/10/19994,1
25/4/2001,1
22/8/22,1
11/10/2015,1
2/10/2,1
28/5/2003,1
20/4/200,1
22/7/2003,1
4/6/1996,1
1/1/1830,1
29/10/2003,1
11/10/1993,1
7/9/1982,1
20/10/98,1
31/10/1995,1
27/2/200,1
30/6/30,1
15/8/1992,1
22/6/6,1
30/11/1990,1
23/6/2015,1
2/7/20000,1
6/6/1979,1
20/3/1986,1
8/7/2,1
28/7/1994,1
14/1/1995,1
17/10/2002,1
29/10/1982,1
18/12/1990,1
15/5/123456,1
21/5/2135,1
10/1/1990,1
4/2/1995,1
28/3/99,1
29/9/299,1
10/8/1995,1
24/4/1991,1
16/7/1993,1
27/6/18,1
26/3/1988,1
15/12/1888,1
8/7/200,1
7/8/8,1
29/6/1995,1
22/8/1991,1
17/11/19988,1
16/3/2010,1
23/1/1986,1
18/7/1987,1
4/9/1995,1
30/8/1980,1
12/7/1990,1
9/9/1986,1
12/10/2,1
6/10/2004,1
15/9/98,1
5/7/1980,1
1/1/1961,1
24/10/2001,1
22/8/1984,1
18/11/1981,1
12/10/1990,1
11/9/2,1
6/11/2014,1
12/8/2002,1
17/11/2004,1
16/8/1,1
20/9/1986,1
13/2/20000,1
9/11/1992,1
20/8/2015,1
15/6/1198,1
21/1/1991,1
30/4/1995,1
17/2/2005,1
14/7/1995,1
15/7/1777,1
17/3/1980,1
4/12/1989,1
21/5/19999,1
18/1/1992,1
7/9/1996,1
25/10/1990,1
5/11/2002,1
1/8/199,1
17/12/17122000,1
11/3/1982,1
13/8/9999,1
15/6/1,1
26/6/2015,1
13/3/1,1
21/10/1263456,1
20/3/1990,1
12/7/1111,1
20/10/1994,1
3/4/2015,1
11/11/1994,1
30/2/1969,1
13/6/1992,1
19/7/2015,1
6/6/1969,1
12/6/98,1
18/10/1986,1
3/10/199925,1
8/6/19698,1
25/2/1992,1
24/7/1994,1
9/2/12345679,1
3/6/19999,1
30/3/200,1
14/1/2015,1
13/11/1,1
19/11/99,1
3/11/1995,1
20/3/2003,1
17/3/98,1
19/12/16999,1
20/9/20200,1
26/8/20000,1
18/12/199,1
15/2/1983,1
17/12/1985,1
21/10/1198,1
16/6/1897,1
4/1/2001,1
10/7/1993,1
14/10/1983,1
22/5/200,1
14/7/1990,1
2/12/19993419,1
22/12/1994,1
7/10/19998,1
23/7/1981,1
20/5/2015,1
5/7/1987,1
5/1/19998,1
7/1/1204,1
13/8/1985,1
19/11/20000,1
21/12/1993,1
6/10/1996,1
12/8/12,1
15/4/1992,1
7/7/1992,1
10/4/1987,1
8/7/19998,1
1/12/19981234567,1
19/6/1996,1
13/5/1989,1
19/9/1,1
15/2/1987,1
31/6/1999,1
14/8/2,1
25/11/2004,1
1/5/19982645,1
21/2/1990,1
18/10/1994,1
11/9/20000,1
2/6/2015,1
27/10/1988,1
22/4/94,1
22/5/1996,1
21/7/998,1
22/11/1981,1
20/3/1994,1
4/12/1992,1
15/7/1981,1
20/3/1995,1
9/1/1995,1
6/8/1981,1
8/4/2004,1
19/11/2222,1
14/11/1983,1
3/5/200,1
29/9/1993,1
8/5/1983,1
28/10/98,1
9/3/99,1
1/11/1995,1
25/1/1996,1
23/11/1996,1
1/2/1989,1
8/12/14,1
4/6/2,1
30/10/30,1
2/4/2,1
18/1/1995,1
3/6/199,1
29/7/1996,1
29/9/1996,1
14/7/2015,1
3/7/2015,1
30/11/20000,1
10/8/199941,1
6/2/2002,1
10/2/2009,1
4/7/1969,1
30/8/2,1
20/10/19998,1
28/8/2002,1
25/9/25,1
18/12/1400,1
13/4/199,1
6/11/11,1
29/6/1994,1
21/2/1992,1
17/5/1980,1
18/1/1994,1
2/12/1696612213,1
4/4/98,1
9/11/2001,1
15/7/1994,1
27/10/2001,1
24/8/200,1
13/9/1986,1
24/6/1985,1
16/8/1988,1
15/5/99,1
17/2/1998111,1
27/8/2002,1
7/2/2001,1
20/12/1975,1
9/3/2009,1
17/12/200,1
23/4/1996,1
1/9/9223372036854775807,1
13/2/200,1
10/7/1991,1
25/10/2001,1
19/3/1995,1
4/7/1973,1
6/3/2008,1
2/2/1991,1
12/10/1998341724321,1
18/11/2006,1
30/8/1977,1
10/9/1,1
3/2/1994,1
7/6/1982,1
24/7/1986,1
27/9/1982,1
5/7/1994,1
2/12/2012,1
11/1/2001,1
1/7/1991,1
19/3/1,1
14/4/2001,1
8/9/20000,1
16/6/1990,1
20/6/1978,1
23/12/1993,1
23/5/2001,1
16/1/2004,1
14/1/1990,1
12/7/12072000,1
22/7/200,1
6/12/2,1
29/12/2005,1
5/3/1987,1
1/1/2005,1
15/10/2,1
17/5/1993,1
11/3/1988,1
7/9/1992,1
7/4/4,1
30/9/200,1
24/3/2015,1
17/7/1993,1
10/9/1991,1
28/12/19999,1
8/5/2015,1
5/11/1993,1
5/1/2001,1
12/4/1980,1
5/5/1998101,1
19/2/1200,1
4/5/2003,1
2/9/1991,1
12/7/1982,1
26/4/1,1
6/12/6,1
23/5/2003,1
1/9/1988,1
8/8/2001,1
1/7/1987,1
20/7/200,1
5/2/1234,1
10/3/2002,1
16/8/2004,1
10/12/1985,1
10/1/10,1
7/6/2003,1
22/6/19982,1
15/3/1000,1
2/1/19990,1
24/12/1992,1
9/3/2001,1
22/1/1988,1
31/10/1996,1
30/7/1989,1
6/8/2015,1
2/9/2001,1
14/7/1,1
15/6/1992,1
21/3/1987,1
20/7/1954,1
6/12/1994,1
18/7/18,1
26/8/98,1
15/2/15,1
4/8/1399,1
10/5/2003,1
26/6/19999,1
4/2/199,1
9/10/1993,1
23/11/2002,1
26/2/1984,1
23/10/1198,1
15/2/1994,1
10/9/1989,1
4/9/1991,1
27/11/1993,1
5/10/1728,1
6/1/2015,1
8/2/2,1
29/1/19987,1
1/12/1,1
6/6/97,1
1/8/1995,1
26/4/200,1
21/9/2,1
20/5/1980,1
2/9/1988,1
28/8/2001,1
6/6/99,1
2/1/2002,1
18/4/1980,1
15/5/1994,1
11/12/20000,1
22/4/224,1
11/1/19999,1
10/1/1988,1
30/7/1988,1
20/12/97,1
25/1/1990,1
22/9/198,1
17/8/1995,1
19/1/1992,1
9/1/1988,1
10/12/1994,1
19/9/19999,1
20/8/1988,1
20/5/1995,1
3/3/2013,1
15/2/98,1
7/2/200,1
27/7/1995,1
20/4/1987,1
1/10/2002,1
7/4/7,1
1/9/1984,1
10/11/19999,1
22/3/1989,1
22/5/1989,1
5/1/1989,1
4/8/1993,1
1/1/222,1
12/2/2,1
10/7/1982,1
24/4/24,1
14/11/200,1
30/9/199,1
30/2/1997,1
14/1/1,1
11/8/11,1
15/2/199,1
8/9/2,1
15/2/977220311,1
8/1/1986,1
30/4/30,1
19/11/1930,1
26/1/2015,1
4/5/3654,1
3/12/1993,1
13/4/14,1
17/8/1991,1
30/10/20000,1
11/2/11,1
3/6/1010,1
26/12/19999,1
7/9/1990,1
15/9/1985,1
3/5/2001,1
18/5/199,1
18/11/98,1
12/8/200,1
5/1/199922,1
1/6/2015,1
7/7/7777,1
23/7/1995,1
15/10/1234,1
6/10/1979,1
16/3/1995,1
19/10/200,1
11/4/1987,1
21/6/1996,1
16/11/18,1
8/12/1995,1
13/9/19999,1
25/8/1990,1
15/7/99,1
28/3/1995,1
6/11/19999,1
18/7/1990,1
11/8/1989,1
27/7/2015,1
3/6/1991,1
9/6/1995,1
2/10/2015,1
25/8/200,1
8/2/1978,1
7/1/1996,1
28/7/1996,1
5/9/2003,1
10/10/1962,1
31/1/1996,1
22/11/1994,1
18/5/20000,1
18/1/1988,1
1/4/200,1
11/11/1989,1
18/2/2,1
22/5/1995,1
14/12/1995,1
16/2/1900,1
30/4/1994,1
11/8/20000,1
1/9/1982,1
23/1/1991,1
20/12/2,1
12/7/2015,1
22/3/2,1
7/4/200,1
18/6/1889,1
4/2/2015,1
4/12/4,1
15/5/2015,1
12/12/1989,1
16/8/1976,1
28/7/117,1
7/12/2006,1
5/10/200,1
15/11/2003,1
4/9/19999,1
3/4/1990,1
6/9/1982,1
20/2/98,1
19/1/19,1
5/10/1992,1
22/9/2015,1
1/4/1988,1
29/1/1984,1
11/9/1991,1
6/9/1990,1
16/1/1998215443339,1
15/5/1991,1
24/6/20000,1
9/11/1994,1
20/2/1992,1
28/1/28,1
7/7/1983,1
21/2/2006,1
15/6/2004,1
17/6/1706,1
20/10/1971,1
15/10/2002,1
13/3/2,1
20/1/200000,1
11/12/2,1
15/12/199,1
3/7/7,1
2/11/1995,1
13/9/98,1
11/10/1984,1
6/7/1985,1
25/5/19999,1
3/1/3,1
12/9/1986,1
8/8/2002,1
20/7/1987,1
19/5/1988,1
2/1/1989,1
16/4/99,1
4/9/2015,1
11/9/1990,1
13/6/20000,1
14/3/19991,1
24/6/1992,1
16/11/199,1
23/9/98,1
24/9/1991,1
12/10/1979,1
21/8/1996,1
19/5/1995,1
23/1/19999,1
7/7/2003,1
22/11/1995,1
19/9/2,1
16/4/1969,1
13/6/13699,1
14/10/2,1
19/11/6028439,1
18/11/43214321,1
9/4/199,1
25/1/1993,1
19/11/1982,1
19/1/1234,1
22/6/1995,1
27/3/1991,1
20/3/3,1
13/5/2015,1
11/11/200,1
19/2/1993,1
18/5/2001,1
31/8/1984,1
30/1/2,1
10/1/1986,1
29/1/200,1
15/11/1995,1
6/2/1987,1
16/11/19998,1
12/10/1983,1
27/9/1198,1
21/4/2015,1
4/9/1984,1
28/11/199,1
6/3/1,1
21/10/2015,1
1/12/2002,1
2/7/199,1
2/8/1998206340031,1
25/8/1984,1
17/10/1988,1
23/10/1994,1
31/2/1991,1
31/5/19998,1
1/10/1984,1
8/11/19998,1
7/9/1987,1
30/3/1993,1
9/3/9,1
4/7/2015,1
20/10/1991,1
18/4/200,1
8/5/199,1
26/9/1984,1
2/9/1989,1
20/11/19999,1
19/3/19998,1
21/3/10,1
23/10/1995,1
18/10/1523,1
18/11/2016,1
29/2/3,1
27/2/1991,1
11/2/11021999,1
28/5/200,1
17/6/1222,1
12/2/1994,1
13/11/11,1
1/4/1992,1
8/4/1995,1
14/10/199,1
6/8/19999,1
15/2/99,1
21/8/2001,1
14/9/19999,1
4/1/98,1
28/8/28,1
12/12/1993,1
20/4/20,1
29/8/1995,1
13/3/2015,1
11/3/2001,1
20/8/2001,1
9/5/2002,1
5/8/2,1
31/10/19999,1
25/2/1981,1
2/1/2008,1
1/7/1,1
12/10/19981920,1
5/2/199,1
15/6/1977,1
24/12/24,1
17/12/1993,1
7/10/1984,1
20/1/1991,1
19/8/1994,1
19/6/2,1
12/9/1955,1
12/7/3000,1
20/1/19999,1
6/9/19,1
9/12/2006,1
13/3/200,1
19/12/1211,1
31/12/200,1
1/1/97,1
27/2/1983,1
21/7/2,1
27/1/1996,1
13/9/1996,1
9/1/20,1
2/4/1988,1
12/5/2015,1
6/9/1984,1
7/7/2015,1
6/5/1986,1
19/12/1986,1
17/1/1995,1
3/4/4,1
5/1/1986,1
9/3/20000,1
22/4/1989,1
21/5/1992,1
24/10/1976,1
15/8/1978,1
8/11/1981,1
19/1/1994,1
10/3/1982,1
22/5/1,1
24/11/1990,1
6/1/2,1
14/5/1994,1
27/8/1996,1
15/9/1984,1
7/1/1995,1
2/3/1979,1
15/8/2,1
22/8/1,1
27/9/1,1
27/2/19,1
15/2/1995,1
3/2/10,1
26/11/26,1
20/12/20000,1
21/1/21,1
22/8/20000,1
10/1/19,1
11/8/1988,1
25/1/1989,1
25/12/1985,1
30/5/2001,1
19/9/2222,1
17/4/199,1
4/5/1994,1
1/8/2015,1
15/6/6,1
25/9/1989,1
1/7/2001,1
23/6/19992,1
24/2/1887,1
18/11/1990,1
25/10/2004,1
17/5/187706427,1
28/3/1993,1
14/2/20000,1
27/2/2001,1
30/4/1992,1
3/12/2015,1
16/8/2002,1
6/1/1,1
1/1/1986,1
18/9/2015,1
27/11/1987,1
16/11/1991,1
1/12/200,1
10/10/2008,1
27/5/27,1
17/10/1992,1
7/8/19971,1
19/9/99,1
24/2/1991,1
17/10/2545,1
3/3/1991,1
8/5/5,1
10/8/10,1
16/1/200,1
29/11/1995,1
11/12/2015,1
17/1/19980,1
28/10/28,1
18/3/1980,1
18/9/200,1
24/5/2015,1
9/11/199,1
9/10/1989,1
26/9/1990,1
2/9/1984,1
28/5/2004,1
16/8/2015,1
10/5/1991,1
26/3/1987,1
28/6/1988,1
1/1/2014,1
26/11/1999141,1
29/1/2001,1
12/6/1984,1
6/3/1982,1
19/9/1983,1
8/5/2,1
24/6/1996,1
12/8/1990,1
1/6/11999,1
28/7/1198,1
13/5/98,1
17/6/2,1
15/7/2015,1
17/11/2,1
1/8/1996,1
17/10/98,1
13/5/1995,1
2/12/1985,1
30/4/1987,1
15/7/1993,1
7/9/2200,1
5/9/1972,1
3/8/1985,1
15/9/2002,1
14/8/2001,1
26/5/1979,1
19/7/1979,1
27/10/1980,1
31/8/19999,1
10/10/2010,1
5/5/98,1
9/9/1989,1
24/11/20000,1
29/10/2001,1
17/5/12345,1
24/1/1988,1
28/9/2003,1
2/9/200,1
22/3/20000,1
5/7/20002,1
29/4/1994,1
28/12/2015,1
9/7/9,1
20/7/1970,1
17/1/1990,1
13/2/1890,1
2/5/1986,1
11/3/1996,1
12/7/1994,1
6/10/2003,1
28/4/1996,1
15/5/1989,1
10/7/2001,1
20/3/1999544,1
17/7/17,1
9/1/1994,1
5/11/1987,1
17/10/1989,1
9/8/2015,1
8/3/1993,1
23/11/200,1
6/9/6969,1
27/5/2002,1
14/9/2001,1
26/6/19988,1
31/8/1988,1
14/6/2,1
13/10/1988,1
21/6/20000,1
9/11/2015,1
18/7/2003,1
10/7/1995,1
24/11/1986,1
28/4/1983,1
13/2/1994,1
26/6/2004,1
5/11/2004,1
20/6/1991,1
8/6/1996,1
1/5/1984,1
10/8/200,1
12/6/998,1
2/10/1993,1
30/8/1995,1
4/5/200,1
16/3/1967,1
5/11/1988,1
18/11/1980,1
17/3/1993,1
2/4/1996,1
2/3/1995,1
29/5/1996,1
29/5/1995,1
5/5/2002,1
22/5/22,1
9/11/1991,1
30/11/1,1
4/5/1983,1
14/10/1996,1
1/10/2003,1
15/9/200,1
18/12/1996,1
20/2/20,1
23/8/1989,1
29/7/1990,1
9/8/20000,1
11/6/2002,1
16/7/19991,1
6/4/1979,1
23/5/1991,1
17/12/1234,1
16/10/20000000000000,1
11/6/99,1
4/5/2015,1
12/3/2010,1
17/9/1212,1
20/8/8,1
9/10/1995,1
16/9/200,1
30/3/3000,1
11/2/1992,1
14/9/1974,1
24/3/24,1
20/2/1995,1
10/10/98,1
2/4/2002,1
5/8/2007,1
1/12/1988,1
8/7/1990,1
24/8/98,1
19/6/1989,1
18/5/2003,1
18/3/2001,1
18/1/199,1
22/10/22,1
15/8/1988,1
8/4/200,1
18/10/200,1
15/1/99,1
15/2/1992,1
8/6/1993,1
26/6/200,1
16/5/2009,1
22/2/19999,1
13/7/2001,1
10/10/10101999,1
23/8/2,1
15/12/1995,1
27/6/1991,1
25/9/14150693,1
27/8/2004,1
28/1/1995,1
18/2/1980,1
24/11/24,1
22/6/22,1
7/11/1996,1
24/1/13579054,1
27/10/2015,1
26/8/1984,1
13/12/2,1
30/10/1992,1
22/7/1994,1
11/8/2002,1
10/2/1991,1
4/6/200,1
8/5/1988,1
9/4/1986,1
24/11/1992,1
13/12/1,1
15/8/2002,1
17/5/1984,1
17/8/98,1
20/4/1980,1
25/3/1889,1
3/3/19999,1
7/6/7,1
1/1/1977,1
25/8/2000333333333333334,1
22/12/199873,1
18/1/2015,1
12/8/12000,1
6/5/2002,1
8/5/200,1
12/8/22000,1
21/12/21,1
1/11/1988,1
9/9/1992,1
23/3/1993,1
10/8/199,1
28/4/2015,1
7/7/1000,1
1/12/19982641,1
27/11/1992,1
15/11/1986,1
12/11/12,1
29/6/55,1
2/12/1995,1
21/12/1995,1
23/11/98,1
25/7/1995,1
25/9/1993,1
10/7/20000,1
1/12/19999,1
18/11/2015,1
9/3/1995,1
25/5/2015,1
11/5/1996,1
11/2/1996,1
18/5/19981877,1
1/1/2003,1
13/12/1995,1
22/8/19999,1
13/9/1978,1
11/1/1989,1
19/5/1981,1
15/4/1504,1
26/9/199,1
5/6/6,1
28/3/1994,1
3/8/1988,1
30/7/2015,1
4/9/200,1
25/1/19991,1
27/6/1982,1
12/8/1984,1
8/8/2007,1
26/2/200,1
31/8/2002,1
18/12/1994,1
20/4/20000,1
12/7/98,1
14/5/1989,1
3/6/1980,1
14/2/1996,1
1/2/1974,1
29/5/1983,1
18/2/2001,1
12/5/98,1
11/1/1990,1
22/2/22,1
9/9/9,1
5/5/1994,1
28/12/199,1
4/2/1988,1
21/11/19982060,1
11/12/1988,1
24/10/19999,1
7/4/1996,1
29/10/1987,1
23/3/2,1
10/9/1994,1
15/2/92,1
20/10/199,1
19/8/1899,1
14/3/1994,1
28/11/1988,1
1/4/2004,1
5/12/12,1
30/12/1986,1
10/10/199,1
24/9/2002,1
9/10/2001,1
21/3/1996,1
10/4/1981,1
1/6/1933,1
20/7/1995,1
18/5/18,1
25/9/2001,1
12/7/117,1
27/1/2015,1
19/7/1995,1
21/8/21081998,1
2/6/1990,1
11/9/2015,1
18/1/1990,1
15/1/98,1
25/9/1991,1
25/11/1996,1
5/8/1969,1
8/9/1995,1
16/2/16,1
4/8/200,1
25/11/1987,1
11/7/1,1
11/12/1985,1
10/4/2015,1
5/5/1975,1
16/8/199901,1
8/6/2001,1
5/9/1996,1
26/1/2004,1
2/1/20000,1
10/10/123456789,1
22/7/1996,1
23/4/2002,1
1/10/20000,1
10/10/2004,1
13/9/2323,1
13/10/2003,1
13/10/2001,1
8/6/806200,1
1/6/1991,1
28/6/2015,1
15/10/1985,1
16/10/16,1
14/6/146,1
17/4/1994,1
7/9/1984,1
10/6/1994,1
11/11/1992,1
1/1/20111966,1
31/3/2015,1
16/7/200,1
26/7/1987,1
22/9/2007,1
10/11/199,1
17/6/1993,1
30/4/1996,1
5/8/2015,1
21/7/1993,1
22/10/1987,1
13/12/1459,1
9/7/20000,1
3/8/1991,1
17/7/20002,1
22/11/2001,1
16/11/11,1
18/12/1244,1
13/7/1,1
1/3/2005,1
15/7/2,1
15/9/1950,1
11/10/1989,1
15/10/15,1
12/9/1992,1
26/2/1988,1
7/7/1994,1
14/6/20000,1
11/2/1989,1
21/10/1994,1
15/4/1988,1
2/4/19999,1
1/2/1991,1
15/10/199,1
26/9/2004,1
21/10/21,1
10/4/19999,1
23/10/1993,1
20/8/2003,1
12/6/1995,1
10/9/1283513192,1
7/2/1992,1
21/5/199,1
3/8/9223372036854775807,1
18/9/1981,1
1/9/1990,1
28/12/20000,1
13/4/13,1
10/9/1983,1
24/11/19998,1
20/8/998,1
9/5/1992,1
18/12/2005,1
5/11/199922,1
26/4/2009,1
10/7/1989,1
18/2/1992,1
12/8/1993,1
28/8/2003,1
13/12/1994,1
17/12/199,1
5/7/200,1
19/7/1987,1
13/5/1969,1
23/1/2015,1
6/7/19998,1
4/11/1981,1
25/3/199,1
20/12/1994,1
30/6/1995,1
28/2/198,1
4/10/1984,1
8/4/1988,1
11/6/199,1
10/10/2005,1
13/8/199,1
7/11/20002,1
19/11/191199,1
18/12/2001,1
20/9/2009,1
15/5/2001,1
18/11/1456,1
11/12/7,1
15/6/200,1
8/5/8,1
25/2/25,1
6/9/200,1
16/10/199,1
4/1/1996,1
3/4/2002,1
18/7/19999,1
3/9/1995,1
21/11/200,1
6/9/2069,1
12/8/1985,1
13/4/1993,1
23/12/19998,1
8/4/2001,1
28/11/1972,1
25/4/1996,1
14/8/8,1
28/2/1198,1
18/11/1898,1
23/6/1,1
16/6/2001,1
14/4/98,1
7/3/2015,1
11/11/1987,1
8/12/200,1
20/7/1991,1
25/7/1993,1
25/11/25,1
7/7/1990,1
25/10/1984,1
20/6/1989,1
1/8/1984,1
1/5/2015,1
17/11/2096,1
15/3/1992,1
21/6/1995,1
6/3/1985,1
10/10/1111,1
13/5/19999,1
17/12/2,1
19/12/2004,1
18/7/1993,1
30/8/99,1
4/9/200000000,1
11/1/1996,1
3/2/1991,1
24/1/2001,1
18/1/18,1
12/8/2015,1
14/11/2003,1
4/2/1337,1
2/4/99,1
11/5/1982,1
1/10/1990,1
23/3/2001,1
30/10/19990160,1
21/11/1985,1
15/1/1982,1
18/6/1989,1
21/3/21,1
10/8/8,1
9/3/200,1
18/4/1993,1
13/6/19998,1
21/1/1995,1
25/11/199919,1
17/10/2015,1
10/12/1995,1
17/8/1993,1
11/5/2002,1
9/6/2002,1
3/3/2001,1
6/2/20000,1
6/11/1995,1
2/3/1234,1
27/1/1,1
30/10/2,1
20/1/1983,1
2/11/1993,1
10/6/2015,1
1/8/1974,1
24/1/20001,1
4/11/1905,1
1/12/1973,1
11/1/2002,1
13/8/1989,1
29/4/2015,1
18/12/2,1
28/11/2001,1
11/6/1996,1
16/10/20000,1
1/7/1986,1
22/10/1995,1
22/2/1995,1
3/8/3,1
9/6/1639799014,1
9/12/1989,1
25/12/1,1
10/2/1998215426388,1
5/4/1992,1
14/9/1991,1
2/2/1979,1
6/8/1995,1
1/12/1994,1
10/11/1995,1
20/7/2002,1
17/5/200,1
12/11/1995,1
25/12/1979,1
16/12/1986,1
17/8/1111,1
13/3/1994,1
13/8/1,1
1/3/2011,1
31/8/1996,1
6/7/99,1
7/6/200,1
3/10/2015,1
2/8/1990,1
12/9/1980,1
14/2/1987,1
6/5/2005,1
19/9/1995,1
19/12/1990,1
2/10/1984,1
10/6/1009,1
1/7/1993,1
29/7/1993,1
25/12/1995,1
1/7/1999201795,1
7/6/19999,1
15/1/1984,1
17/3/123456789,1
14/9/1,1
20/5/1985,1
1/1/199901,1
12/1/1994,1
22/4/1973,1
30/4/200,1
19/7/197,1
18/3/1991,1
12/7/200,1
16/10/1995,1
17/7/2003,1
10/11/2,1
3/8/1996,1
9/2/1996,1
5/10/1,1
14/5/19999,1
18/6/2001,1
27/6/2002,1
4/4/2004,1
26/8/20000013,1
20/4/1991,1
17/5/2,1
16/3/1988,1
16/11/1224,1
23/1/23012000,1
1/5/1996,1
1/3/20000,1
4/10/1988,1
28/2/1996,1
5/1/1979,1
7/8/2004,1
4/8/199,1
4/3/200,1
24/6/1995,1
19/5/199,1
25/11/2015,1
17/12/1990,1
10/10/1945,1
1/10/12,1
5/3/33445566,1
13/7/2015,1
29/2/1996,1
21/7/2015,1
26/2/98,1
21/7/1982,1
20/8/1992,1
2/2/2001,1
27/8/98,1
10/7/1994,1
21/1/2004,1
14/4/14,1
16/9/99,1
5/9/19998,1
6/11/1898,1
6/8/2002,1
4/11/2009,1
18/5/2015,1
3/3/1988,1
2/9/1990,1
23/5/1996,1
4/1/20000,1
16/11/19992,1
20/11/1992,1
12/12/95,1
2/6/2001,1
16/5/1,1
22/1/1993,1
14/9/1988,1
3/2/20000,1
18/4/1985,1
25/4/200,1
10/8/2003,1
25/3/1991,1
8/3/1995,1
22/12/2001,1
26/4/1989,1
14/9/14,1
12/3/1980,1
15/5/1987,1
13/6/13,1
19/12/1970,1
14/8/1985,1
8/3/1,1
24/8/1994,1
15/3/20000,1
26/12/1,1
18/12/2013,1
19/1/1990,1
16/6/2,1
6/5/1984,1
5/6/1000,1
2/3/1980,1
11/7/1988,1
27/6/998,1
4/12/2002,1
1/6/1988,1
11/4/1996,1
30/8/200,1
17/3/2009,1
26/3/2002,1
10/5/1993,1
9/10/1984,1
4/10/2005,1
16/1/1982,1
20/6/1987,1
21/8/198,1
17/2/2006,1
4/1/1991,1
1/1/1985,1
16/4/1,1
2/2/2009,1
28/4/19999,1
8/12/1986,1
12/6/19999,1
5/6/1989,1
29/3/1975,1
20/1/1985,1
30/8/1985,1
22/9/1984,1
1/8/19999,1
16/10/1990,1
11/1/2009,1
17/8/1982,1
29/5/1988,1
4/1/1994,1
7/8/1994,1
1/1/1000,1
27/3/1995,1
5/10/1990,1
5/3/1990,1
24/4/2004,1
15/4/199915,1
10/2/1983,1
12/1/2001,1
29/4/200,1
13/1/13,1
19/10/1981,1
14/3/1990,1
4/6/98,1
28/5/28,1
2/5/1980,1
30/10/1991,1
9/1/20000,1
24/8/1991,1
30/5/30,1
3/1/200,1
12/5/19998,1
1/12/1996,1
28/11/200,1
30/11/1986,1
12/11/2012,1
26/12/1990,1
2/8/1982,1
1/4/2015,1
18/11/2,1
10/8/1996,1
6/6/6,1
30/11/2,1
7/8/1984,1
24/8/1992,1
1/5/2002,1
17/10/1994,1
13/1/2015,1
16/6/1989,1
24/9/2009,1
21/12/1988,1
17/10/1234,1
19/3/2,1
22/2/97,1
7/7/2,1
7/10/1990,1
17/10/1990,1
1/11/2015,1
13/10/1996,1
12/2/20000,1
20/3/2,1
20/5/20,1
27/10/1995,1
7/6/2,1
13/11/91999,1
8/10/1889,1
9/8/1994,1
4/3/1996,1
15/6/1986,1
24/10/20000,1
14/6/1996,1
4/9/4092000,1
13/11/1000,1
5/11/1889,1
30/12/1977,1
6/9/2015,1
20/5/1994,1
19/9/2015,1
17/11/4567,1
18/10/1000,1
15/3/1975,1
16/1/16,1
1/2/4,1
16/10/99,1
26/3/2004,1
30/12/12,1
22/12/1990,1
2/10/1989,1
4/11/19918,1
17/9/2004,1
18/3/1945,1
7/9/200,1
12/9/1994,1
3/9/2015,1
9/2/2,1
18/12/1988,1
15/4/15,1
14/4/1975,1
22/1/2014,1
11/3/2002,1
7/3/7,1
14/12/1994,1
5/6/19998,1
20/9/1995,1
8/10/99,1
19/8/1993,1
11/6/1993,1
7/1/2001,1
21/8/1990,1
6/3/1994,1
7/6/199,1
18/5/1984,1
31/8/31,1
18/6/18,1
31/7/1990,1
4/6/20000,1
23/10/1980,1
16/10/1985,1
16/12/1991,1
6/7/1990,1
4/3/1987,1
6/2/200,1
2/3/1900,1
17/3/12344321,1
11/1/1983,1
8/4/1992,1
10/5/1989,1
14/9/1994,1
20/8/2005,1
17/11/1990,1
23/12/2015,1
1/1/2004,1
9/9/1981,1
21/9/2015,1
21/6/119,1
20/10/2000154397592,1
18/6/199,1
23/5/2004,1
9/2/2004,1
1/6/99,1
18/11/149,1
11/4/20000,1
14/7/1991,1
22/12/99,1
18/5/1988,1
9/11/20000,1
10/6/1983,1
18/2/2011,1
9/1/997,1
10/6/10061999,1
19/1/1988,1
3/4/3,1
11/6/1999454,1
23/3/199,1
2/9/2004,1
10/4/200,1
19/5/1986,1
26/2/199,1
16/5/2002,1
21/8/1985,1
4/8/98,1
2/2/2000215492188,1
13/1/1992,1
10/6/20000,1
23/2/98,1
15/12/1971,1
31/3/1993,1
14/4/2002,1
27/5/2015,1
14/4/1988,1
4/5/1868151929,1
27/11/1984,1
3/7/1992,1
30/3/1996,1
26/11/1976,1
6/4/1989,1
22/2/1993,1
2/3/2005,1
25/10/1986,1
14/10/14,1
23/8/1993,1
5/10/20000,1
26/2/99,1
20/4/2015,1
18/1/2016,1
20/10/1990,1
5/5/1555,1
20/12/20,1
3/8/2009,1
10/4/2002,1
27/8/998,1
17/9/1708,1
11/2/2006,1
28/7/1980,1
21/12/31958571,1
19/8/1996,1
24/9/1995,1
13/8/13,1
22/8/99,1
3/3/11,1
7/6/1995,1
24/12/2004,1
20/10/2003,1
24/3/198,1
9/9/1990,1
8/5/1990,1
7/2/1987,1
7/5/20000,1
10/1/2001,1
4/6/1995,1
2/1/1985,1
2/11/1983,1
27/1/19989,1
17/1/1994,1
24/7/2012,1
25/12/1988,1
1/6/1990,1
8/6/1982,1
8/12/2015,1
28/10/199,1
25/12/1990,1
17/11/2001,1
17/10/11998,1
15/3/1994,1
12/1/1996,1
10/7/1987,1
15/5/1988,1
28/9/199,1
25/9/1995,1
1/1/1982,1
